pose.position.x,pose.position.y,pose.position.z,pose.orientation.x,pose.orientation.y,pose.orientation.z,pose.orientation.w,timestamp,orientation.x,orientation.y,orientation.z,orientation.w,angular_velocity.x,angular_velocity.y,angular_velocity.z,linear_acceleration.x,linear_acceleration.y,linear_acceleration.z,enc1,enc2,enc3,enc4,vel1,vel2,vel3,vel4,m1current,m2current,m3current,m4current,orient_cov_1,orient_cov_2,orient_cov_3,orient_cov_4,orient_cov_5,orient_cov_6,orient_cov_7,orient_cov_8,orient_cov_9,angvel_cov_1,angvel_cov_2,angvel_cov_3,angvel_cov_4,angvel_cov_5,angvel_cov_6,angvel_cov_7,angvel_cov_8,angvel_cov_9,linacc_cov_1,linacc_cov_2,linacc_cov_3,linacc_cov_4,linacc_cov_5,linacc_cov_6,linacc_cov_7,linacc_cov_8,linacc_cov_9
-2.514349,1.694659,1.093912,0.139305,-0.152294,0.72023,0.662321,25.034546,0.228525,0.050234,-0.887853,0.396195,0.021111,-0.022222,-0.017778,-0.16,-0.25,-0.07,42535.07,42526.43,42667.43,42645.43,541.2143,527.0714,541.4286,550.1429,-88.0,-74.0,-154.5,-126.85714,0.0,0.0,0.0,0.0,0.0,0.0,0.0,0.0,0.0,0.0,0.0,0.0,0.0,0.0,0.0,0.0,0.0,0.0,0.0,0.0,0.0,0.0,0.0,0.0,0.0,0.0,0.0
-2.512245,1.67539,1.084315,0.13724,-0.148759,0.718942,0.66495,25.222843,0.22612,0.049637,-0.889612,0.393693,-0.008034,-0.047436,-0.031795,0.071538,-0.126923,-0.092308,42633.75,42622.75,42763.75,42742.625,560.5,548.125,556.625,559.75,-89.75,-70.5,-139.0,-109.0,0.0,0.0,0.0,0.0,0.0,0.0,0.0,0.0,0.0,0.0,0.0,0.0,0.0,0.0,0.0,0.0,0.0,0.0,0.0,0.0,0.0,0.0,0.0,0.0,0.0,0.0,0.0
-2.511977,1.674182,1.083876,0.136644,-0.148925,0.718502,0.665511,25.232244,0.225942,0.049618,-0.889701,0.393599,-0.009915,-0.048632,-0.031624,0.086154,-0.137692,-0.099231,42637.375,42626.375,42767.375,42746.312,560.25,548.5625,556.8125,559.875,-89.875,-70.25,-137.5,-107.5,0.0,0.0,0.0,0.0,0.0,0.0,0.0,0.0,0.0,0.0,0.0,0.0,0.0,0.0,0.0,0.0,0.0,0.0,0.0,0.0,0.0,0.0,0.0,0.0,0.0,0.0,0.0
-2.511917,1.673757,1.08375,0.137043,-0.149111,0.718471,0.66542,25.233404,0.225763,0.049599,-0.889789,0.393504,-0.011795,-0.049829,-0.031453,0.100769,-0.148462,-0.106154,42641.0,42630.0,42771.0,42750.0,560.0,549.0,557.0,560.0,-90.0,-70.0,-136.0,-106.0,0.0,0.0,0.0,0.0,0.0,0.0,0.0,0.0,0.0,0.0,0.0,0.0,0.0,0.0,0.0,0.0,0.0,0.0,0.0,0.0,0.0,0.0,0.0,0.0,0.0,0.0,0.0
-2.511858,1.673332,1.083625,0.137442,-0.149296,0.718441,0.66533,25.240623,0.225584,0.04958,-0.889877,0.39341,-0.013675,-0.051026,-0.031282,0.115385,-0.159231,-0.113077,42645.918,42634.832,42775.918,42754.918,561.5833,549.5,557.3333,560.0833,-89.916664,-69.833336,-137.33333,-108.0,0.0,0.0,0.0,0.0,0.0,0.0,0.0,0.0,0.0,0.0,0.0,0.0,0.0,0.0,0.0,0.0,0.0,0.0,0.0,0.0,0.0,0.0,0.0,0.0,0.0,0.0,0.0
-2.511702,1.673007,1.083433,0.137151,-0.149474,0.718309,0.665491,25.244923,0.225406,0.049561,-0.889965,0.393316,-0.015556,-0.052222,-0.031111,0.13,-0.17,-0.12,42650.832,42639.668,42780.832,42759.832,563.1667,550.0,557.6667,560.1667,-89.833336,-69.666664,-138.66667,-110.0,0.0,0.0,0.0,0.0,0.0,0.0,0.0,0.0,0.0,0.0,0.0,0.0,0.0,0.0,0.0,0.0,0.0,0.0,0.0,0.0,0.0,0.0,0.0,0.0,0.0,0.0,0.0
-2.511546,1.672682,1.08324,0.13686,-0.149651,0.718178,0.665653,25.247604,0.225232,0.049585,-0.890021,0.393287,-0.014274,-0.049573,-0.027436,0.123077,-0.182308,-0.116923,42655.75,42644.5,42785.75,42764.75,564.75,550.5,558.0,560.25,-89.75,-69.5,-140.0,-112.0,0.0,0.0,0.0,0.0,0.0,0.0,0.0,0.0,0.0,0.0,0.0,0.0,0.0,0.0,0.0,0.0,0.0,0.0,0.0,0.0,0.0,0.0,0.0,0.0,0.0,0.0,0.0
-2.511321,1.671781,1.082713,0.137053,-0.149104,0.718448,0.665444,25.253223,0.225058,0.049608,-0.890076,0.393258,-0.012991,-0.046923,-0.023761,0.116154,-0.194615,-0.113846,42660.668,42649.332,42790.668,42769.668,566.3333,551.0,558.3333,560.3333,-89.666664,-69.333336,-141.33333,-114.0,0.0,0.0,0.0,0.0,0.0,0.0,0.0,0.0,0.0,0.0,0.0,0.0,0.0,0.0,0.0,0.0,0.0,0.0,0.0,0.0,0.0,0.0,0.0,0.0,0.0,0.0,0.0
-2.511183,1.670523,1.082037,0.136963,-0.148348,0.718376,0.66571,25.26415,0.224884,0.049631,-0.890131,0.39323,-0.011709,-0.044274,-0.020085,0.109231,-0.206923,-0.110769,42665.582,42654.168,42795.582,42774.582,567.9167,551.5,558.6667,560.4167,-89.583336,-69.166664,-142.66667,-116.0,0.0,0.0,0.0,0.0,0.0,0.0,0.0,0.0,0.0,0.0,0.0,0.0,0.0,0.0,0.0,0.0,0.0,0.0,0.0,0.0,0.0,0.0,0.0,0.0,0.0,0.0,0.0
-2.511031,1.669751,1.081512,0.137312,-0.14818,0.718391,0.665659,25.272903,0.22471,0.049655,-0.890186,0.393201,-0.010427,-0.041624,-0.01641,0.102308,-0.219231,-0.107692,42670.5,42659.0,42800.5,42779.5,569.5,552.0,559.0,560.5,-89.5,-69.0,-144.0,-118.0,0.0,0.0,0.0,0.0,0.0,0.0,0.0,0.0,0.0,0.0,0.0,0.0,0.0,0.0,0.0,0.0,0.0,0.0,0.0,0.0,0.0,0.0,0.0,0.0,0.0,0.0,0.0
-2.508006,1.639809,1.06771,0.137482,-0.146969,0.71933,0.664879,25.532028,0.222849,0.051847,-0.890498,0.393273,-0.012876,-0.018301,-0.001765,-0.314706,-0.222941,0.048235,42817.0,42803.0,42947.0,42929.0,560.0,561.0,558.0,578.0,-88.0,-84.0,-153.0,-139.0,0.0,0.0,0.0,0.0,0.0,0.0,0.0,0.0,0.0,0.0,0.0,0.0,0.0,0.0,0.0,0.0,0.0,0.0,0.0,0.0,0.0,0.0,0.0,0.0,0.0,0.0,0.0
-2.507934,1.639509,1.067528,0.137286,-0.146548,0.719351,0.664989,25.53682,0.222834,0.05189,-0.890496,0.393279,-0.013856,-0.020196,-0.001634,-0.321765,-0.242353,0.050588,42821.07,42807.07,42950.93,42933.0,559.5,560.5714,557.5714,577.2857,-88.0,-82.64286,-151.35715,-138.21428,0.0,0.0,0.0,0.0,0.0,0.0,0.0,0.0,0.0,0.0,0.0,0.0,0.0,0.0,0.0,0.0,0.0,0.0,0.0,0.0,0.0,0.0,0.0,0.0,0.0,0.0,0.0
-2.507852,1.638516,1.067207,0.137688,-0.14582,0.719595,0.664802,25.545269,0.222819,0.051933,-0.890495,0.393285,-0.014837,-0.022092,-0.001503,-0.328824,-0.261765,0.052941,42825.145,42811.145,42954.855,42937.0,559.0,560.1429,557.1429,576.5714,-88.0,-81.28571,-149.71428,-137.42857,0.0,0.0,0.0,0.0,0.0,0.0,0.0,0.0,0.0,0.0,0.0,0.0,0.0,0.0,0.0,0.0,0.0,0.0,0.0,0.0,0.0,0.0,0.0,0.0,0.0,0.0,0.0
-2.507773,1.638025,1.066967,0.13813,-0.14557,0.719675,0.664678,25.55527,0.222805,0.051976,-0.890493,0.393292,-0.015817,-0.023987,-0.001373,-0.335882,-0.281176,0.055294,42829.215,42815.215,42958.785,42941.0,558.5,559.7143,556.7143,575.8571,-88.0,-79.92857,-148.07143,-136.64285,0.0,0.0,0.0,0.0,0.0,0.0,0.0,0.0,0.0,0.0,0.0,0.0,0.0,0.0,0.0,0.0,0.0,0.0,0.0,0.0,0.0,0.0,0.0,0.0,0.0,0.0,0.0
-2.50763,1.637324,1.066621,0.138515,-0.145799,0.719484,0.664755,25.562704,0.22279,0.052019,-0.890491,0.393298,-0.016797,-0.025882,-0.001242,-0.342941,-0.300588,0.057647,42833.285,42819.285,42962.715,42945.0,558.0,559.2857,556.2857,575.1429,-88.0,-78.57143,-146.42857,-135.85715,0.0,0.0,0.0,0.0,0.0,0.0,0.0,0.0,0.0,0.0,0.0,0.0,0.0,0.0,0.0,0.0,0.0,0.0,0.0,0.0,0.0,0.0,0.0,0.0,0.0,0.0,0.0
-2.507435,1.636937,1.066561,0.138513,-0.14588,0.719292,0.664945,25.568064,0.222775,0.052062,-0.89049,0.393305,-0.017778,-0.027778,-0.001111,-0.35,-0.32,0.06,42837.355,42823.355,42966.645,42949.0,557.5,558.8571,555.8571,574.4286,-88.0,-77.21429,-144.78572,-135.07143,0.0,0.0,0.0,0.0,0.0,0.0,0.0,0.0,0.0,0.0,0.0,0.0,0.0,0.0,0.0,0.0,0.0,0.0,0.0,0.0,0.0,0.0,0.0,0.0,0.0,0.0,0.0
-2.507239,1.636551,1.0665,0.138512,-0.145961,0.7191,0.665135,25.572668,0.22264,0.052106,-0.890533,0.393278,-0.017778,-0.029286,-0.001667,-0.315,-0.304286,0.052857,42841.43,42827.43,42970.57,42953.0,557.0,558.4286,555.4286,573.7143,-88.0,-75.85714,-143.14285,-134.28572,0.0,0.0,0.0,0.0,0.0,0.0,0.0,0.0,0.0,0.0,0.0,0.0,0.0,0.0,0.0,0.0,0.0,0.0,0.0,0.0,0.0,0.0,0.0,0.0,0.0,0.0,0.0
-2.507115,1.635805,1.066067,0.137323,-0.14531,0.718894,0.665747,25.58185,0.222504,0.052149,-0.890576,0.393252,-0.017778,-0.030794,-0.002222,-0.28,-0.288571,0.045714,42845.5,42831.5,42974.5,42957.0,556.5,558.0,555.0,573.0,-88.0,-74.5,-141.5,-133.5,0.0,0.0,0.0,0.0,0.0,0.0,0.0,0.0,0.0,0.0,0.0,0.0,0.0,0.0,0.0,0.0,0.0,0.0,0.0,0.0,0.0,0.0,0.0,0.0,0.0,0.0,0.0
-2.507068,1.63493,1.065604,0.137036,-0.145202,0.719207,0.665491,25.589634,0.222369,0.052193,-0.890618,0.393225,-0.017778,-0.032302,-0.002778,-0.245,-0.272857,0.038571,42849.57,42835.57,42978.43,42961.0,556.0,557.5714,554.5714,572.2857,-88.0,-73.14286,-139.85715,-132.71428,0.0,0.0,0.0,0.0,0.0,0.0,0.0,0.0,0.0,0.0,0.0,0.0,0.0,0.0,0.0,0.0,0.0,0.0,0.0,0.0,0.0,0.0,0.0,0.0,0.0,0.0,0.0
-2.507311,1.634222,1.065341,0.1375,-0.145443,0.719346,0.665192,25.597048,0.222234,0.052236,-0.890661,0.393199,-0.017778,-0.03381,-0.003333,-0.21,-0.257143,0.031429,42853.645,42839.645,42982.355,42965.0,555.5,557.1429,554.1429,571.5714,-88.0,-71.78571,-138.21428,-131.92857,0.0,0.0,0.0,0.0,0.0,0.0,0.0,0.0,0.0,0.0,0.0,0.0,0.0,0.0,0.0,0.0,0.0,0.0,0.0,0.0,0.0,0.0,0.0,0.0,0.0,0.0,0.0
-2.505663,1.624483,1.060986,0.135517,-0.14383,0.719258,0.666045,25.699286,0.219784,0.052774,-0.891405,0.392816,-0.018889,-0.046667,-0.008519,0.156667,-0.106667,-0.093333,42916.75,42903.5,43044.75,43029.25,543.25,554.25,542.25,557.5,-87.25,-67.25,-124.75,-126.5,0.0,0.0,0.0,0.0,0.0,0.0,0.0,0.0,0.0,0.0,0.0,0.0,0.0,0.0,0.0,0.0,0.0,0.0,0.0,0.0,0.0,0.0,0.0,0.0,0.0,0.0,0.0
-2.50549,1.623167,1.060636,0.135992,-0.143375,0.71924,0.666066,25.707836,0.21951,0.0528,-0.891484,0.392787,-0.019167,-0.046111,-0.008426,0.160833,-0.108333,-0.106667,42921.5,42908.332,43049.5,43034.168,542.1667,554.1667,541.1667,556.3333,-87.166664,-67.5,-124.166664,-126.333336,0.0,0.0,0.0,0.0,0.0,0.0,0.0,0.0,0.0,0.0,0.0,0.0,0.0,0.0,0.0,0.0,0.0,0.0,0.0,0.0,0.0,0.0,0.0,0.0,0.0,0.0,0.0
-2.505128,1.622573,1.060197,0.136887,-0.142823,0.719153,0.666094,25.718584,0.219236,0.052825,-0.891562,0.392757,-0.019444,-0.045556,-0.008333,0.165,-0.11,-0.12,42926.25,42913.168,43054.25,43039.082,541.0833,554.0833,540.0833,555.1667,-87.083336,-67.75,-123.583336,-126.166664,0.0,0.0,0.0,0.0,0.0,0.0,0.0,0.0,0.0,0.0,0.0,0.0,0.0,0.0,0.0,0.0,0.0,0.0,0.0,0.0,0.0,0.0,0.0,0.0,0.0,0.0,0.0
-2.505133,1.622057,1.059996,0.136923,-0.142676,0.719248,0.666017,25.722397,0.218962,0.052851,-0.891641,0.392728,-0.019722,-0.045,-0.008241,0.169167,-0.111667,-0.133333,42931.0,42918.0,43059.0,43044.0,540.0,554.0,539.0,554.0,-87.0,-68.0,-123.0,-126.0,0.0,0.0,0.0,0.0,0.0,0.0,0.0,0.0,0.0,0.0,0.0,0.0,0.0,0.0,0.0,0.0,0.0,0.0,0.0,0.0,0.0,0.0,0.0,0.0,0.0,0.0,0.0
-2.505138,1.62154,1.059795,0.13696,-0.142528,0.719342,0.665939,25.72397,0.218688,0.052877,-0.89172,0.392699,-0.02,-0.044444,-0.008148,0.173333,-0.113333,-0.146667,42934.867,42921.867,43062.934,43048.0,541.4667,554.5333,539.4667,554.8,-87.0,-68.6,-123.666664,-126.53333,0.0,0.0,0.0,0.0,0.0,0.0,0.0,0.0,0.0,0.0,0.0,0.0,0.0,0.0,0.0,0.0,0.0,0.0,0.0,0.0,0.0,0.0,0.0,0.0,0.0,0.0,0.0
-2.504965,1.620765,1.059336,0.136717,-0.142266,0.719254,0.66614,25.732492,0.218414,0.052902,-0.891799,0.392669,-0.020278,-0.043889,-0.008056,0.1775,-0.115,-0.16,42938.734,42925.734,43066.867,43052.0,542.93335,555.06665,539.93335,555.6,-87.0,-69.2,-124.333336,-127.066666,0.0,0.0,0.0,0.0,0.0,0.0,0.0,0.0,0.0,0.0,0.0,0.0,0.0,0.0,0.0,0.0,0.0,0.0,0.0,0.0,0.0,0.0,0.0,0.0,0.0,0.0,0.0
-2.504616,1.619634,1.058668,0.136264,-0.141499,0.719378,0.666262,25.739384,0.21814,0.052928,-0.891878,0.39264,-0.020556,-0.043333,-0.007963,0.181667,-0.116667,-0.173333,42942.6,42929.6,43070.8,43056.0,544.4,555.6,540.4,556.4,-87.0,-69.8,-125.0,-127.6,0.0,0.0,0.0,0.0,0.0,0.0,0.0,0.0,0.0,0.0,0.0,0.0,0.0,0.0,0.0,0.0,0.0,0.0,0.0,0.0,0.0,0.0,0.0,0.0,0.0,0.0,0.0
-2.504438,1.61889,1.058223,0.136491,-0.141312,0.719307,0.666332,25.745762,0.217866,0.052953,-0.891957,0.39261,-0.020833,-0.042778,-0.00787,0.185833,-0.118333,-0.186667,42946.465,42933.465,43074.734,43060.0,545.86664,556.13336,540.86664,557.2,-87.0,-70.4,-125.666664,-128.13333,0.0,0.0,0.0,0.0,0.0,0.0,0.0,0.0,0.0,0.0,0.0,0.0,0.0,0.0,0.0,0.0,0.0,0.0,0.0,0.0,0.0,0.0,0.0,0.0,0.0,0.0,0.0
-2.504445,1.618313,1.058058,0.136567,-0.141806,0.719422,0.666087,25.754375,0.217592,0.052979,-0.892035,0.392581,-0.021111,-0.042222,-0.007778,0.19,-0.12,-0.2,42950.332,42937.332,43078.668,43064.0,547.3333,556.6667,541.3333,558.0,-87.0,-71.0,-126.333336,-128.66667,0.0,0.0,0.0,0.0,0.0,0.0,0.0,0.0,0.0,0.0,0.0,0.0,0.0,0.0,0.0,0.0,0.0,0.0,0.0,0.0,0.0,0.0,0.0,0.0,0.0,0.0,0.0
-2.504452,1.617736,1.057892,0.136643,-0.142299,0.719537,0.665842,25.758085,0.217487,0.052996,-0.892043,0.39262,-0.01881,-0.04,-0.004127,0.165,-0.136429,-0.186429,42954.2,42941.2,43082.6,43068.0,548.8,557.2,541.8,558.8,-87.0,-71.6,-127.0,-129.2,0.0,0.0,0.0,0.0,0.0,0.0,0.0,0.0,0.0,0.0,0.0,0.0,0.0,0.0,0.0,0.0,0.0,0.0,0.0,0.0,0.0,0.0,0.0,0.0,0.0,0.0,0.0
-2.503591,1.607136,1.052884,0.13545,-0.141756,0.71965,0.66608,25.842232,0.216333,0.053187,-0.892125,0.393045,0.006508,-0.015556,0.036032,-0.11,-0.317143,-0.037143,42997.715,42984.715,43126.145,43112.57,561.8571,561.5714,546.2857,566.1429,-86.71429,-75.71429,-133.14285,-133.28572,0.0,0.0,0.0,0.0,0.0,0.0,0.0,0.0,0.0,0.0,0.0,0.0,0.0,0.0,0.0,0.0,0.0,0.0,0.0,0.0,0.0,0.0,0.0,0.0,0.0,0.0,0.0
-2.503564,1.605492,1.052604,0.135845,-0.141985,0.719781,0.665809,25.851578,0.216228,0.053205,-0.892132,0.393084,0.00881,-0.013333,0.039683,-0.135,-0.333571,-0.023571,43002.07,42989.07,43130.215,43116.855,561.7857,561.3571,546.4286,566.2143,-86.57143,-75.07143,-133.21428,-132.92857,0.0,0.0,0.0,0.0,0.0,0.0,0.0,0.0,0.0,0.0,0.0,0.0,0.0,0.0,0.0,0.0,0.0,0.0,0.0,0.0,0.0,0.0,0.0,0.0,0.0,0.0,0.0
-2.503459,1.605096,1.052414,0.136124,-0.142159,0.719855,0.665635,25.851719,0.216123,0.053222,-0.89214,0.393122,0.011111,-0.011111,0.043333,-0.16,-0.35,-0.01,43006.43,42993.43,43134.285,43121.145,561.7143,561.1429,546.5714,566.2857,-86.42857,-74.42857,-133.28572,-132.57143,0.0,0.0,0.0,0.0,0.0,0.0,0.0,0.0,0.0,0.0,0.0,0.0,0.0,0.0,0.0,0.0,0.0,0.0,0.0,0.0,0.0,0.0,0.0,0.0,0.0,0.0,0.0
-2.503354,1.604699,1.052223,0.136404,-0.142332,0.719928,0.665461,25.858877,0.216131,0.053257,-0.892131,0.393133,0.010794,-0.01127,0.040992,-0.160714,-0.343929,-0.008214,43010.785,42997.785,43138.355,43125.43,561.6429,560.9286,546.7143,566.3571,-86.28571,-73.78571,-133.35715,-132.21428,0.0,0.0,0.0,0.0,0.0,0.0,0.0,0.0,0.0,0.0,0.0,0.0,0.0,0.0,0.0,0.0,0.0,0.0,0.0,0.0,0.0,0.0,0.0,0.0,0.0,0.0,0.0
-2.503659,1.603692,1.051697,0.136186,-0.142107,0.720363,0.665084,25.868204,0.21614,0.053292,-0.892122,0.393144,0.010476,-0.011429,0.038651,-0.161429,-0.337857,-0.006429,43015.145,43002.145,43142.43,43129.715,561.5714,560.7143,546.8571,566.4286,-86.14286,-73.14286,-133.42857,-131.85715,0.0,0.0,0.0,0.0,0.0,0.0,0.0,0.0,0.0,0.0,0.0,0.0,0.0,0.0,0.0,0.0,0.0,0.0,0.0,0.0,0.0,0.0,0.0,0.0,0.0,0.0,0.0
-2.503775,1.603176,1.051058,0.135277,-0.141726,0.720601,0.665092,25.877872,0.216149,0.053327,-0.892113,0.393155,0.010159,-0.011587,0.03631,-0.162143,-0.331786,-0.004643,43019.5,43006.5,43146.5,43134.0,561.5,560.5,547.0,566.5,-86.0,-72.5,-133.5,-131.5,0.0,0.0,0.0,0.0,0.0,0.0,0.0,0.0,0.0,0.0,0.0,0.0,0.0,0.0,0.0,0.0,0.0,0.0,0.0,0.0,0.0,0.0,0.0,0.0,0.0,0.0,0.0
-2.50404,1.602036,1.050332,0.134893,-0.142,0.720607,0.665106,25.886395,0.216157,0.053361,-0.892104,0.393166,0.009841,-0.011746,0.033968,-0.162857,-0.325714,-0.002857,43023.855,43010.855,43150.57,43138.285,561.4286,560.2857,547.1429,566.5714,-85.85714,-71.85714,-133.57143,-131.14285,0.0,0.0,0.0,0.0,0.0,0.0,0.0,0.0,0.0,0.0,0.0,0.0,0.0,0.0,0.0,0.0,0.0,0.0,0.0,0.0,0.0,0.0,0.0,0.0,0.0,0.0,0.0
-2.504095,1.600956,1.049747,0.134586,-0.142439,0.720844,0.664817,25.894327,0.216166,0.053396,-0.892095,0.393176,0.009524,-0.011905,0.031627,-0.163571,-0.319643,-0.001071,43028.215,43015.215,43154.645,43142.57,561.3571,560.0714,547.2857,566.6429,-85.71429,-71.21429,-133.64285,-130.78572,0.0,0.0,0.0,0.0,0.0,0.0,0.0,0.0,0.0,0.0,0.0,0.0,0.0,0.0,0.0,0.0,0.0,0.0,0.0,0.0,0.0,0.0,0.0,0.0,0.0,0.0,0.0
-2.504073,1.599983,1.049509,0.134701,-0.142579,0.720802,0.66481,25.903269,0.216175,0.053431,-0.892086,0.393187,0.009206,-0.012063,0.029286,-0.164286,-0.313571,0.000714,43032.57,43019.57,43158.715,43146.855,561.2857,559.8571,547.4286,566.7143,-85.57143,-70.57143,-133.71428,-130.42857,0.0,0.0,0.0,0.0,0.0,0.0,0.0,0.0,0.0,0.0,0.0,0.0,0.0,0.0,0.0,0.0,0.0,0.0,0.0,0.0,0.0,0.0,0.0,0.0,0.0,0.0,0.0
-2.493422,1.431437,0.984014,0.133387,-0.140563,0.722377,0.663793,27.367718,0.213626,0.054051,-0.891894,0.394926,0.012143,-0.015635,0.031429,0.212143,-0.119286,-0.206429,43843.94,43829.117,43968.293,43954.53,561.2353,554.35297,558.05884,552.7647,-88.588234,-74.05882,-119.52941,-113.411766,0.0,0.0,0.0,0.0,0.0,0.0,0.0,0.0,0.0,0.0,0.0,0.0,0.0,0.0,0.0,0.0,0.0,0.0,0.0,0.0,0.0,0.0,0.0,0.0,0.0,0.0,0.0
-2.4936,1.4294,0.982612,0.133538,-0.140439,0.722329,0.663841,27.382866,0.213461,0.053946,-0.891859,0.395109,0.015159,-0.012619,0.034921,0.230714,-0.106429,-0.222143,43850.53,43835.94,43975.35,43961.234,558.8823,554.82355,557.4706,553.1177,-88.70588,-75.47059,-118.23529,-113.29412,0.0,0.0,0.0,0.0,0.0,0.0,0.0,0.0,0.0,0.0,0.0,0.0,0.0,0.0,0.0,0.0,0.0,0.0,0.0,0.0,0.0,0.0,0.0,0.0,0.0,0.0,0.0
-2.49374,1.428878,0.98237,0.133476,-0.140999,0.722406,0.663651,27.38525,0.213378,0.053894,-0.891842,0.395201,0.016667,-0.011111,0.036667,0.24,-0.1,-0.23,43853.824,43839.35,43978.883,43964.59,557.7059,555.05884,557.17645,553.2941,-88.76471,-76.17647,-117.588234,-113.23529,0.0,0.0,0.0,0.0,0.0,0.0,0.0,0.0,0.0,0.0,0.0,0.0,0.0,0.0,0.0,0.0,0.0,0.0,0.0,0.0,0.0,0.0,0.0,0.0,0.0,0.0,0.0
-2.490924,1.402073,0.971755,0.135729,-0.142121,0.722804,0.662521,27.5892,0.215779,0.054835,-0.89083,0.396049,-0.014841,0.025556,0.002063,-0.235714,-0.159286,0.087143,43962.57,43950.285,44088.93,44077.215,559.7143,564.3571,565.7143,574.5714,-90.28571,-78.92857,-126.71429,-129.21428,0.0,0.0,0.0,0.0,0.0,0.0,0.0,0.0,0.0,0.0,0.0,0.0,0.0,0.0,0.0,0.0,0.0,0.0,0.0,0.0,0.0,0.0,0.0,0.0,0.0,0.0,0.0
-2.490798,1.401558,0.971538,0.136034,-0.141903,0.722881,0.662421,27.592413,0.215879,0.054931,-0.890798,0.396053,-0.015556,0.024444,0.002222,-0.24,-0.18,0.1,43966.855,43954.43,44093.145,44081.57,560.5714,564.2857,565.5714,574.8571,-90.42857,-78.14286,-126.57143,-129.57143,0.0,0.0,0.0,0.0,0.0,0.0,0.0,0.0,0.0,0.0,0.0,0.0,0.0,0.0,0.0,0.0,0.0,0.0,0.0,0.0,0.0,0.0,0.0,0.0,0.0,0.0,0.0
-2.490672,1.401042,0.97132,0.136339,-0.141686,0.722957,0.662322,27.598164,0.215936,0.055036,-0.890795,0.396014,-0.014286,0.021746,0.000873,-0.245,-0.162143,0.101429,43971.145,43958.57,44097.355,44085.93,561.4286,564.2143,565.4286,575.1429,-90.57143,-77.35714,-126.42857,-129.92857,0.0,0.0,0.0,0.0,0.0,0.0,0.0,0.0,0.0,0.0,0.0,0.0,0.0,0.0,0.0,0.0,0.0,0.0,0.0,0.0,0.0,0.0,0.0,0.0,0.0,0.0,0.0
-2.488093,1.370389,0.958169,0.135186,-0.139547,0.723622,0.662285,27.89814,0.213642,0.055991,-0.891293,0.396003,0.008889,-0.020159,0.036667,0.172143,-0.22,-0.101429,44132.69,44116.69,44255.69,44243.152,559.53845,556.2308,551.9231,552.0769,-88.0,-69.38461,-129.15384,-116.0,0.0,0.0,0.0,0.0,0.0,0.0,0.0,0.0,0.0,0.0,0.0,0.0,0.0,0.0,0.0,0.0,0.0,0.0,0.0,0.0,0.0,0.0,0.0,0.0,0.0,0.0,0.0
-2.488032,1.36969,0.957999,0.135208,-0.139155,0.723805,0.662163,27.900974,0.213503,0.05597,-0.891303,0.39606,0.011111,-0.018889,0.04,0.18,-0.23,-0.11,44137.08,44121.08,44260.08,44247.46,559.61536,556.6923,551.7692,552.2308,-88.0,-69.15385,-128.46153,-116.0,0.0,0.0,0.0,0.0,0.0,0.0,0.0,0.0,0.0,0.0,0.0,0.0,0.0,0.0,0.0,0.0,0.0,0.0,0.0,0.0,0.0,0.0,0.0,0.0,0.0,0.0,0.0
-2.487971,1.36899,0.957829,0.13523,-0.138762,0.723988,0.662041,27.902788,0.21349,0.055861,-0.891256,0.396187,0.01246,-0.018095,0.040635,0.164286,-0.214286,-0.111429,44141.46,44125.46,44264.46,44251.77,559.6923,557.1539,551.61536,552.38464,-88.0,-68.92308,-127.76923,-116.0,0.0,0.0,0.0,0.0,0.0,0.0,0.0,0.0,0.0,0.0,0.0,0.0,0.0,0.0,0.0,0.0,0.0,0.0,0.0,0.0,0.0,0.0,0.0,0.0,0.0,0.0,0.0
-2.487931,1.367783,0.957439,0.135432,-0.138748,0.724114,0.661866,27.908804,0.213477,0.055752,-0.891209,0.396314,0.01381,-0.017302,0.04127,0.148571,-0.198571,-0.112857,44145.848,44129.848,44268.848,44256.08,559.7692,557.61536,551.46155,552.53845,-88.0,-68.69231,-127.07692,-116.0,0.0,0.0,0.0,0.0,0.0,0.0,0.0,0.0,0.0,0.0,0.0,0.0,0.0,0.0,0.0,0.0,0.0,0.0,0.0,0.0,0.0,0.0,0.0,0.0,0.0,0.0,0.0
-2.488042,1.356754,0.952668,0.134441,-0.140314,0.72554,0.660174,27.993252,0.213336,0.054554,-0.890695,0.397711,0.028651,-0.008571,0.048254,-0.024286,-0.025714,-0.128571,44187.5,44172.5,44312.5,44299.5,555.0,559.0,557.0,559.5,-88.0,-67.0,-129.0,-123.0,0.0,0.0,0.0,0.0,0.0,0.0,0.0,0.0,0.0,0.0,0.0,0.0,0.0,0.0,0.0,0.0,0.0,0.0,0.0,0.0,0.0,0.0,0.0,0.0,0.0,0.0,0.0
-2.488092,1.356146,0.952499,0.133941,-0.140702,0.725202,0.660563,27.996948,0.213323,0.054445,-0.890648,0.397838,0.03,-0.007778,0.048889,-0.04,-0.01,-0.13,44191.062,44176.188,44316.312,44303.312,554.375,559.0,557.75,560.3125,-88.0,-66.875,-129.5,-123.875,0.0,0.0,0.0,0.0,0.0,0.0,0.0,0.0,0.0,0.0,0.0,0.0,0.0,0.0,0.0,0.0,0.0,0.0,0.0,0.0,0.0,0.0,0.0,0.0,0.0,0.0,0.0
-2.481442,1.245176,0.90666,0.131925,-0.141277,0.724952,0.661121,28.97261,0.21363,0.0529,-0.890766,0.397615,0.02381,-0.008889,0.042063,0.147143,-0.102857,-0.145714,44733.273,44719.91,44860.91,44847.91,549.9091,557.8182,560.2727,552.36365,-84.545456,-66.181816,-137.36363,-120.181816,0.0,0.0,0.0,0.0,0.0,0.0,0.0,0.0,0.0,0.0,0.0,0.0,0.0,0.0,0.0,0.0,0.0,0.0,0.0,0.0,0.0,0.0,0.0,0.0,0.0,0.0,0.0
-2.481274,1.24139,0.905068,0.131998,-0.141043,0.72543,0.660632,28.998934,0.213698,0.052586,-0.890609,0.397973,0.025714,-0.007222,0.04754,0.125714,-0.109286,-0.143571,44748.816,44735.727,44876.727,44863.727,544.7273,559.4545,563.8182,555.0909,-82.63637,-67.545456,-137.09091,-124.545456,0.0,0.0,0.0,0.0,0.0,0.0,0.0,0.0,0.0,0.0,0.0,0.0,0.0,0.0,0.0,0.0,0.0,0.0,0.0,0.0,0.0,0.0,0.0,0.0,0.0,0.0,0.0
-2.481288,1.24091,0.904795,0.132001,-0.141248,0.725484,0.660529,28.999222,0.213721,0.052482,-0.890556,0.398093,0.026349,-0.006667,0.049365,0.118571,-0.111429,-0.142857,44754.0,44741.0,44882.0,44869.0,543.0,560.0,565.0,556.0,-82.0,-68.0,-137.0,-126.0,0.0,0.0,0.0,0.0,0.0,0.0,0.0,0.0,0.0,0.0,0.0,0.0,0.0,0.0,0.0,0.0,0.0,0.0,0.0,0.0,0.0,0.0,0.0,0.0,0.0,0.0,0.0
-2.481301,1.240431,0.904523,0.132004,-0.141452,0.725538,0.660425,29.006735,0.213744,0.052378,-0.890503,0.398212,0.026984,-0.006111,0.05119,0.111429,-0.113571,-0.142143,44757.562,44744.625,44885.875,44872.75,543.875,560.0625,565.6875,556.625,-82.375,-68.3125,-137.25,-125.8125,0.0,0.0,0.0,0.0,0.0,0.0,0.0,0.0,0.0,0.0,0.0,0.0,0.0,0.0,0.0,0.0,0.0,0.0,0.0,0.0,0.0,0.0,0.0,0.0,0.0,0.0,0.0
-2.481295,1.239688,0.904167,0.132286,-0.14131,0.725751,0.660165,29.020605,0.213767,0.052273,-0.890451,0.398332,0.027619,-0.005556,0.053016,0.104286,-0.115714,-0.141429,44761.125,44748.25,44889.75,44876.5,544.75,560.125,566.375,557.25,-82.75,-68.625,-137.5,-125.625,0.0,0.0,0.0,0.0,0.0,0.0,0.0,0.0,0.0,0.0,0.0,0.0,0.0,0.0,0.0,0.0,0.0,0.0,0.0,0.0,0.0,0.0,0.0,0.0,0.0,0.0,0.0
-2.481405,1.238158,0.903704,0.132762,-0.140986,0.726422,0.6594,29.023657,0.21379,0.052169,-0.890398,0.398451,0.028254,-0.005,0.054841,0.097143,-0.117857,-0.140714,44764.688,44751.875,44893.625,44880.25,545.625,560.1875,567.0625,557.875,-83.125,-68.9375,-137.75,-125.4375,0.0,0.0,0.0,0.0,0.0,0.0,0.0,0.0,0.0,0.0,0.0,0.0,0.0,0.0,0.0,0.0,0.0,0.0,0.0,0.0,0.0,0.0,0.0,0.0,0.0,0.0,0.0
-2.481396,1.237522,0.903371,0.132355,-0.140783,0.726374,0.659578,29.029428,0.213812,0.052064,-0.890345,0.398571,0.028889,-0.004444,0.056667,0.09,-0.12,-0.14,44768.25,44755.5,44897.5,44884.0,546.5,560.25,567.75,558.5,-83.5,-69.25,-138.0,-125.25,0.0,0.0,0.0,0.0,0.0,0.0,0.0,0.0,0.0,0.0,0.0,0.0,0.0,0.0,0.0,0.0,0.0,0.0,0.0,0.0,0.0,0.0,0.0,0.0,0.0,0.0,0.0
-2.48065,1.225133,0.898014,0.133036,-0.142233,0.726436,0.659061,29.117868,0.214891,0.05165,-0.889651,0.399594,-0.005897,0.037863,0.007778,-0.24,0.074615,0.096923,44807.438,44795.375,44940.125,44925.25,556.125,560.9375,575.3125,565.375,-87.625,-72.6875,-140.75,-123.1875,0.0,0.0,0.0,0.0,0.0,0.0,0.0,0.0,0.0,0.0,0.0,0.0,0.0,0.0,0.0,0.0,0.0,0.0,0.0,0.0,0.0,0.0,0.0,0.0,0.0,0.0,0.0
-2.480642,1.224699,0.897828,0.132948,-0.142241,0.726338,0.659186,29.1205,0.214989,0.051612,-0.889588,0.399686,-0.00906,0.041709,0.003333,-0.27,0.092308,0.118462,44811.0,44799.0,44944.0,44929.0,557.0,561.0,576.0,566.0,-88.0,-73.0,-141.0,-123.0,0.0,0.0,0.0,0.0,0.0,0.0,0.0,0.0,0.0,0.0,0.0,0.0,0.0,0.0,0.0,0.0,0.0,0.0,0.0,0.0,0.0,0.0,0.0,0.0,0.0,0.0,0.0
-2.480633,1.224264,0.897642,0.132861,-0.14225,0.726239,0.65931,29.12107,0.215087,0.051575,-0.889525,0.399779,-0.012222,0.045556,-0.001111,-0.3,0.11,0.14,44815.918,44804.0,44949.082,44934.082,557.9167,561.5833,575.6667,565.8333,-88.25,-73.583336,-140.5,-123.083336,0.0,0.0,0.0,0.0,0.0,0.0,0.0,0.0,0.0,0.0,0.0,0.0,0.0,0.0,0.0,0.0,0.0,0.0,0.0,0.0,0.0,0.0,0.0,0.0,0.0,0.0,0.0
-2.480624,1.22383,0.897455,0.132773,-0.142259,0.726141,0.659434,29.125656,0.215227,0.051631,-0.889507,0.399736,-0.010635,0.043095,-0.002381,-0.3,0.080714,0.126429,44820.832,44809.0,44954.168,44939.168,558.8333,562.1667,575.3333,565.6667,-88.5,-74.166664,-140.0,-123.166664,0.0,0.0,0.0,0.0,0.0,0.0,0.0,0.0,0.0,0.0,0.0,0.0,0.0,0.0,0.0,0.0,0.0,0.0,0.0,0.0,0.0,0.0,0.0,0.0,0.0,0.0,0.0
-2.48031,1.22273,0.896963,0.133253,-0.141746,0.726266,0.65931,29.134356,0.215366,0.051688,-0.889489,0.399692,-0.009048,0.040635,-0.003651,-0.3,0.051429,0.112857,44825.75,44814.0,44959.25,44944.25,559.75,562.75,575.0,565.5,-88.75,-74.75,-139.5,-123.25,0.0,0.0,0.0,0.0,0.0,0.0,0.0,0.0,0.0,0.0,0.0,0.0,0.0,0.0,0.0,0.0,0.0,0.0,0.0,0.0,0.0,0.0,0.0,0.0,0.0,0.0,0.0
-2.480133,1.222012,0.89659,0.133351,-0.142274,0.726122,0.659335,29.14473,0.215506,0.051745,-0.889472,0.399648,-0.00746,0.038175,-0.004921,-0.3,0.022143,0.099286,44830.668,44819.0,44964.332,44949.332,560.6667,563.3333,574.6667,565.3333,-89.0,-75.333336,-139.0,-123.333336,0.0,0.0,0.0,0.0,0.0,0.0,0.0,0.0,0.0,0.0,0.0,0.0,0.0,0.0,0.0,0.0,0.0,0.0,0.0,0.0,0.0,0.0,0.0,0.0,0.0,0.0,0.0
-2.479665,1.213087,0.892813,0.133037,-0.144475,0.725338,0.659783,29.219515,0.216901,0.052311,-0.889296,0.399212,0.008413,0.013571,-0.017619,-0.3,-0.270714,-0.036429,44878.855,44867.43,45013.145,44998.0,569.4286,567.4286,569.2857,562.0,-90.85714,-80.28571,-134.57143,-122.14286,0.0,0.0,0.0,0.0,0.0,0.0,0.0,0.0,0.0,0.0,0.0,0.0,0.0,0.0,0.0,0.0,0.0,0.0,0.0,0.0,0.0,0.0,0.0,0.0,0.0,0.0,0.0
-2.479624,1.212567,0.892603,0.133152,-0.144192,0.725396,0.659758,29.22932,0.21704,0.052368,-0.889278,0.399168,0.01,0.011111,-0.018889,-0.3,-0.3,-0.05,44883.285,44871.645,45017.215,45002.0,570.1429,567.1429,567.9286,561.0,-90.78571,-80.42857,-134.35715,-121.21429,0.0,0.0,0.0,0.0,0.0,0.0,0.0,0.0,0.0,0.0,0.0,0.0,0.0,0.0,0.0,0.0,0.0,0.0,0.0,0.0,0.0,0.0,0.0,0.0,0.0,0.0,0.0
-2.478771,1.190398,0.884185,0.1328,-0.143561,0.72661,0.658629,29.432795,0.216615,0.051759,-0.889439,0.399119,0.01563,-0.010889,0.037037,0.296667,-0.160667,-0.139333,44999.168,44984.5,45127.5,45111.5,558.3333,553.6667,547.0,545.6667,-85.5,-68.0,-129.16667,-102.5,0.0,0.0,0.0,0.0,0.0,0.0,0.0,0.0,0.0,0.0,0.0,0.0,0.0,0.0,0.0,0.0,0.0,0.0,0.0,0.0,0.0,0.0,0.0,0.0,0.0,0.0,0.0
-2.478677,1.189784,0.884053,0.132731,-0.143699,0.726521,0.658711,29.437426,0.216559,0.051698,-0.889429,0.399181,0.016667,-0.01,0.04,0.32,-0.18,-0.15,45003.75,44989.25,45132.25,45116.25,557.5,553.5,548.0,546.0,-85.25,-68.5,-128.75,-103.25,0.0,0.0,0.0,0.0,0.0,0.0,0.0,0.0,0.0,0.0,0.0,0.0,0.0,0.0,0.0,0.0,0.0,0.0,0.0,0.0,0.0,0.0,0.0,0.0,0.0,0.0,0.0
-2.478583,1.18917,0.883922,0.132662,-0.143838,0.726431,0.658794,29.441225,0.216576,0.051611,-0.889389,0.399272,0.01627,-0.007302,0.03873,0.301429,-0.168571,-0.149286,45008.332,44994.0,45137.0,45121.0,556.6667,553.3333,549.0,546.3333,-85.0,-69.0,-128.33333,-104.0,0.0,0.0,0.0,0.0,0.0,0.0,0.0,0.0,0.0,0.0,0.0,0.0,0.0,0.0,0.0,0.0,0.0,0.0,0.0,0.0,0.0,0.0,0.0,0.0,0.0,0.0,0.0
-2.478847,1.188042,0.88354,0.132508,-0.143875,0.726265,0.658999,29.449396,0.216593,0.051524,-0.889349,0.399363,0.015873,-0.004603,0.03746,0.282857,-0.157143,-0.148571,45012.918,44998.75,45141.75,45125.75,555.8333,553.1667,550.0,546.6667,-84.75,-69.5,-127.916664,-104.75,0.0,0.0,0.0,0.0,0.0,0.0,0.0,0.0,0.0,0.0,0.0,0.0,0.0,0.0,0.0,0.0,0.0,0.0,0.0,0.0,0.0,0.0,0.0,0.0,0.0,0.0,0.0
-2.47877,1.186722,0.882941,0.132848,-0.142771,0.726969,0.658395,29.458246,0.21661,0.051436,-0.889309,0.399454,0.015476,-0.001905,0.03619,0.264286,-0.145714,-0.147857,45017.5,45003.5,45146.5,45130.5,555.0,553.0,551.0,547.0,-84.5,-70.0,-127.5,-105.5,0.0,0.0,0.0,0.0,0.0,0.0,0.0,0.0,0.0,0.0,0.0,0.0,0.0,0.0,0.0,0.0,0.0,0.0,0.0,0.0,0.0,0.0,0.0,0.0,0.0,0.0,0.0
-2.478903,1.185775,0.882506,0.132695,-0.143519,0.726936,0.6583,29.46875,0.216628,0.051349,-0.889268,0.399546,0.015079,0.000794,0.034921,0.245714,-0.134286,-0.147143,45022.082,45008.25,45151.25,45135.25,554.1667,552.8333,552.0,547.3333,-84.25,-70.5,-127.083336,-106.25,0.0,0.0,0.0,0.0,0.0,0.0,0.0,0.0,0.0,0.0,0.0,0.0,0.0,0.0,0.0,0.0,0.0,0.0,0.0,0.0,0.0,0.0,0.0,0.0,0.0,0.0,0.0
-2.476779,1.163431,0.873168,0.135071,-0.146446,0.725842,0.658379,29.62037,0.218589,0.051685,-0.88846,0.400231,-0.014148,0.051407,0.001852,-0.072,0.016667,-0.191333,45111.266,45098.133,45242.0,45227.133,563.0,565.6667,560.13336,566.13336,-89.13333,-71.53333,-129.86667,-110.53333,0.0,0.0,0.0,0.0,0.0,0.0,0.0,0.0,0.0,0.0,0.0,0.0,0.0,0.0,0.0,0.0,0.0,0.0,0.0,0.0,0.0,0.0,0.0,0.0,0.0,0.0,0.0
-2.476546,1.162211,0.872563,0.13526,-0.146611,0.725969,0.658164,29.62841,0.218752,0.051795,-0.888423,0.400211,-0.016444,0.053556,0.0,-0.084,0.02,-0.196,45115.4,45102.2,45246.0,45231.2,564.0,566.0,560.2,566.2,-89.2,-71.8,-129.8,-110.8,0.0,0.0,0.0,0.0,0.0,0.0,0.0,0.0,0.0,0.0,0.0,0.0,0.0,0.0,0.0,0.0,0.0,0.0,0.0,0.0,0.0,0.0,0.0,0.0,0.0,0.0,0.0
-2.476545,1.161173,0.871916,0.135345,-0.147243,0.725971,0.658002,29.637127,0.218914,0.051905,-0.888386,0.40019,-0.018741,0.055704,-0.001852,-0.096,0.023333,-0.200667,45119.535,45106.266,45250.0,45235.266,565.0,566.3333,560.26666,566.26666,-89.26667,-72.066666,-129.73334,-111.066666,0.0,0.0,0.0,0.0,0.0,0.0,0.0,0.0,0.0,0.0,0.0,0.0,0.0,0.0,0.0,0.0,0.0,0.0,0.0,0.0,0.0,0.0,0.0,0.0,0.0,0.0,0.0
-2.476418,1.159896,0.871378,0.135609,-0.146444,0.726004,0.65809,29.645823,0.219077,0.052015,-0.888349,0.40017,-0.021037,0.057852,-0.003704,-0.108,0.026667,-0.205333,45123.668,45110.332,45254.0,45239.332,566.0,566.6667,560.3333,566.3333,-89.333336,-72.333336,-129.66667,-111.333336,0.0,0.0,0.0,0.0,0.0,0.0,0.0,0.0,0.0,0.0,0.0,0.0,0.0,0.0,0.0,0.0,0.0,0.0,0.0,0.0,0.0,0.0,0.0,0.0,0.0,0.0,0.0
-2.476184,1.159187,0.871083,0.135331,-0.146703,0.725821,0.658291,29.64589,0.21924,0.052124,-0.888312,0.400149,-0.023333,0.06,-0.005556,-0.12,0.03,-0.21,45127.8,45114.4,45258.0,45243.4,567.0,567.0,560.4,566.4,-89.4,-72.6,-129.6,-111.6,0.0,0.0,0.0,0.0,0.0,0.0,0.0,0.0,0.0,0.0,0.0,0.0,0.0,0.0,0.0,0.0,0.0,0.0,0.0,0.0,0.0,0.0,0.0,0.0,0.0,0.0,0.0
-2.475949,1.158479,0.870787,0.135052,-0.146963,0.725638,0.658492,29.654022,0.219413,0.052307,-0.888262,0.400139,-0.021966,0.057265,-0.005556,-0.146923,0.016923,-0.181538,45131.934,45118.465,45262.0,45247.465,568.0,567.3333,560.4667,566.4667,-89.46667,-72.86667,-129.53334,-111.86667,0.0,0.0,0.0,0.0,0.0,0.0,0.0,0.0,0.0,0.0,0.0,0.0,0.0,0.0,0.0,0.0,0.0,0.0,0.0,0.0,0.0,0.0,0.0,0.0,0.0,0.0,0.0
-2.475952,1.157199,0.870704,0.135017,-0.147547,0.726075,0.657887,29.662622,0.219586,0.05249,-0.888213,0.400128,-0.020598,0.05453,-0.005556,-0.173846,0.003846,-0.153077,45136.066,45122.535,45266.0,45251.535,569.0,567.6667,560.5333,566.5333,-89.53333,-73.13333,-129.46666,-112.13333,0.0,0.0,0.0,0.0,0.0,0.0,0.0,0.0,0.0,0.0,0.0,0.0,0.0,0.0,0.0,0.0,0.0,0.0,0.0,0.0,0.0,0.0,0.0,0.0,0.0,0.0,0.0
-2.475757,1.156044,0.870267,0.13586,-0.146896,0.725949,0.657998,29.671211,0.219759,0.052673,-0.888164,0.400118,-0.019231,0.051795,-0.005556,-0.200769,-0.009231,-0.124615,45140.2,45126.6,45270.0,45255.6,570.0,568.0,560.6,566.6,-89.6,-73.4,-129.4,-112.4,0.0,0.0,0.0,0.0,0.0,0.0,0.0,0.0,0.0,0.0,0.0,0.0,0.0,0.0,0.0,0.0,0.0,0.0,0.0,0.0,0.0,0.0,0.0,0.0,0.0,0.0,0.0
-2.474659,1.150135,0.86772,0.137244,-0.147463,0.725376,0.658216,29.714565,0.220798,0.053771,-0.887868,0.400055,-0.011026,0.035385,-0.005556,-0.362308,-0.087692,0.046154,45165.0,45151.0,45294.0,45280.0,576.0,570.0,561.0,567.0,-90.0,-75.0,-129.0,-114.0,0.0,0.0,0.0,0.0,0.0,0.0,0.0,0.0,0.0,0.0,0.0,0.0,0.0,0.0,0.0,0.0,0.0,0.0,0.0,0.0,0.0,0.0,0.0,0.0,0.0,0.0,0.0
-2.474582,1.149711,0.867499,0.13733,-0.147488,0.725323,0.658251,29.722052,0.220971,0.053954,-0.887819,0.400045,-0.009658,0.03265,-0.005556,-0.389231,-0.100769,0.074615,45168.812,45154.625,45297.625,45283.688,576.625,569.3125,560.1875,566.25,-90.9375,-75.3125,-128.75,-113.8125,0.0,0.0,0.0,0.0,0.0,0.0,0.0,0.0,0.0,0.0,0.0,0.0,0.0,0.0,0.0,0.0,0.0,0.0,0.0,0.0,0.0,0.0,0.0,0.0,0.0,0.0,0.0
-2.474482,1.148913,0.866996,0.137435,-0.147671,0.725371,0.658136,29.730541,0.221144,0.054137,-0.88777,0.400034,-0.008291,0.029915,-0.005556,-0.416154,-0.113846,0.103077,45172.625,45158.25,45301.25,45287.375,577.25,568.625,559.375,565.5,-91.875,-75.625,-128.5,-113.625,0.0,0.0,0.0,0.0,0.0,0.0,0.0,0.0,0.0,0.0,0.0,0.0,0.0,0.0,0.0,0.0,0.0,0.0,0.0,0.0,0.0,0.0,0.0,0.0,0.0,0.0,0.0
-2.474324,1.147852,0.866517,0.137583,-0.147017,0.725147,0.658498,29.738941,0.221317,0.05432,-0.887721,0.400024,-0.006923,0.027179,-0.005556,-0.443077,-0.126923,0.131538,45176.438,45161.875,45304.875,45291.062,577.875,567.9375,558.5625,564.75,-92.8125,-75.9375,-128.25,-113.4375,0.0,0.0,0.0,0.0,0.0,0.0,0.0,0.0,0.0,0.0,0.0,0.0,0.0,0.0,0.0,0.0,0.0,0.0,0.0,0.0,0.0,0.0,0.0,0.0,0.0,0.0,0.0
-2.474431,1.147346,0.866403,0.1377,-0.146575,0.725175,0.65854,29.741499,0.221491,0.054503,-0.887671,0.400014,-0.005556,0.024444,-0.005556,-0.47,-0.14,0.16,45180.25,45165.5,45308.5,45294.75,578.5,567.25,557.75,564.0,-93.75,-76.25,-128.0,-113.25,0.0,0.0,0.0,0.0,0.0,0.0,0.0,0.0,0.0,0.0,0.0,0.0,0.0,0.0,0.0,0.0,0.0,0.0,0.0,0.0,0.0,0.0,0.0,0.0,0.0,0.0,0.0
-2.474537,1.146841,0.86629,0.137817,-0.146133,0.725203,0.658583,29.74802,0.221552,0.054559,-0.887669,0.399977,-0.005556,0.020256,-0.004872,-0.44,-0.126923,0.147692,45184.062,45169.125,45312.125,45298.438,579.125,566.5625,556.9375,563.25,-94.6875,-76.5625,-127.75,-113.0625,0.0,0.0,0.0,0.0,0.0,0.0,0.0,0.0,0.0,0.0,0.0,0.0,0.0,0.0,0.0,0.0,0.0,0.0,0.0,0.0,0.0,0.0,0.0,0.0,0.0,0.0,0.0
-2.474388,1.145673,0.865931,0.138313,-0.145763,0.725526,0.658206,29.756172,0.221614,0.054616,-0.887666,0.399941,-0.005556,0.016068,-0.004188,-0.41,-0.113846,0.135385,45187.875,45172.75,45315.75,45302.125,579.75,565.875,556.125,562.5,-95.625,-76.875,-127.5,-112.875,0.0,0.0,0.0,0.0,0.0,0.0,0.0,0.0,0.0,0.0,0.0,0.0,0.0,0.0,0.0,0.0,0.0,0.0,0.0,0.0,0.0,0.0,0.0,0.0,0.0,0.0,0.0
-2.470334,1.086261,0.841692,0.139108,-0.148899,0.726709,0.656028,30.241394,0.223818,0.055421,-0.886057,0.402165,-0.005556,0.025556,-0.012222,-0.21,-0.19,0.08,45439.168,45426.61,45569.61,45556.61,549.0,564.3333,567.1111,565.94446,-84.388885,-83.05556,-130.44444,-119.22222,0.0,0.0,0.0,0.0,0.0,0.0,0.0,0.0,0.0,0.0,0.0,0.0,0.0,0.0,0.0,0.0,0.0,0.0,0.0,0.0,0.0,0.0,0.0,0.0,0.0,0.0,0.0
-2.469035,1.075761,0.836929,0.139653,-0.148141,0.725428,0.6575,30.327898,0.224223,0.056315,-0.886453,0.400939,-0.018148,-0.008519,-0.027037,-0.17,0.063333,-0.1,45488.832,45478.0,45621.0,45608.0,553.6667,563.0833,567.75,562.25,-87.083336,-82.083336,-131.58333,-114.666664,0.0,0.0,0.0,0.0,0.0,0.0,0.0,0.0,0.0,0.0,0.0,0.0,0.0,0.0,0.0,0.0,0.0,0.0,0.0,0.0,0.0,0.0,0.0,0.0,0.0,0.0,0.0
-2.468653,1.074615,0.836236,0.138633,-0.148433,0.725206,0.657894,30.335583,0.224256,0.05639,-0.886486,0.400837,-0.019198,-0.011358,-0.028272,-0.166667,0.084444,-0.115,45493.668,45483.0,45626.0,45613.0,554.3333,562.6667,568.0,562.0,-87.666664,-81.666664,-131.66667,-114.333336,0.0,0.0,0.0,0.0,0.0,0.0,0.0,0.0,0.0,0.0,0.0,0.0,0.0,0.0,0.0,0.0,0.0,0.0,0.0,0.0,0.0,0.0,0.0,0.0,0.0,0.0,0.0
-2.468756,1.073808,0.835682,0.138679,-0.147884,0.725502,0.657682,30.348051,0.22429,0.056464,-0.886519,0.400735,-0.020247,-0.014198,-0.029506,-0.163333,0.105556,-0.13,45498.5,45488.0,45631.0,45618.0,555.0,562.25,568.25,561.75,-88.25,-81.25,-131.75,-114.0,0.0,0.0,0.0,0.0,0.0,0.0,0.0,0.0,0.0,0.0,0.0,0.0,0.0,0.0,0.0,0.0,0.0,0.0,0.0,0.0,0.0,0.0,0.0,0.0,0.0,0.0,0.0
-2.468307,1.072937,0.835388,0.139587,-0.146962,0.725429,0.657777,30.352367,0.224324,0.056539,-0.886552,0.400633,-0.021296,-0.017037,-0.030741,-0.16,0.126667,-0.145,45503.332,45493.0,45636.0,45623.0,555.6667,561.8333,568.5,561.5,-88.833336,-80.833336,-131.83333,-113.666664,0.0,0.0,0.0,0.0,0.0,0.0,0.0,0.0,0.0,0.0,0.0,0.0,0.0,0.0,0.0,0.0,0.0,0.0,0.0,0.0,0.0,0.0,0.0,0.0,0.0,0.0,0.0
-2.467944,1.071904,0.835011,0.139256,-0.147533,0.725408,0.657743,30.361801,0.224357,0.056613,-0.886585,0.400531,-0.022346,-0.019877,-0.031975,-0.156667,0.147778,-0.16,45508.168,45498.0,45641.0,45628.0,556.3333,561.4167,568.75,561.25,-89.416664,-80.416664,-131.91667,-113.333336,0.0,0.0,0.0,0.0,0.0,0.0,0.0,0.0,0.0,0.0,0.0,0.0,0.0,0.0,0.0,0.0,0.0,0.0,0.0,0.0,0.0,0.0,0.0,0.0,0.0,0.0,0.0
-2.467929,1.071589,0.834942,0.139297,-0.147581,0.725353,0.657783,30.370567,0.224391,0.056688,-0.886618,0.400429,-0.023395,-0.022716,-0.03321,-0.153333,0.168889,-0.175,45513.0,45503.0,45646.0,45633.0,557.0,561.0,569.0,561.0,-90.0,-80.0,-132.0,-113.0,0.0,0.0,0.0,0.0,0.0,0.0,0.0,0.0,0.0,0.0,0.0,0.0,0.0,0.0,0.0,0.0,0.0,0.0,0.0,0.0,0.0,0.0,0.0,0.0,0.0,0.0,0.0
-2.467915,1.071274,0.834873,0.139338,-0.147629,0.725299,0.657824,30.371101,0.224425,0.056762,-0.886651,0.400327,-0.024444,-0.025556,-0.034444,-0.15,0.19,-0.19,45518.0,45507.75,45650.832,45637.75,557.0,561.0833,568.6667,560.4167,-89.666664,-80.0,-132.66667,-112.333336,0.0,0.0,0.0,0.0,0.0,0.0,0.0,0.0,0.0,0.0,0.0,0.0,0.0,0.0,0.0,0.0,0.0,0.0,0.0,0.0,0.0,0.0,0.0,0.0,0.0,0.0,0.0
-2.4679,1.070959,0.834804,0.139379,-0.147677,0.725245,0.657864,30.371874,0.224317,0.056752,-0.88667,0.400346,-0.022315,-0.025278,-0.029444,-0.128333,0.1525,-0.185833,45523.0,45512.5,45655.668,45642.5,557.0,561.1667,568.3333,559.8333,-89.333336,-80.0,-133.33333,-111.666664,0.0,0.0,0.0,0.0,0.0,0.0,0.0,0.0,0.0,0.0,0.0,0.0,0.0,0.0,0.0,0.0,0.0,0.0,0.0,0.0,0.0,0.0,0.0,0.0,0.0,0.0,0.0
-2.467924,1.069728,0.834458,0.139539,-0.146624,0.725767,0.657489,30.377897,0.22421,0.056742,-0.886689,0.400366,-0.020185,-0.025,-0.024444,-0.106667,0.115,-0.181667,45528.0,45517.25,45660.5,45647.25,557.0,561.25,568.0,559.25,-89.0,-80.0,-134.0,-111.0,0.0,0.0,0.0,0.0,0.0,0.0,0.0,0.0,0.0,0.0,0.0,0.0,0.0,0.0,0.0,0.0,0.0,0.0,0.0,0.0,0.0,0.0,0.0,0.0,0.0,0.0,0.0
-2.467902,1.068941,0.833974,0.139178,-0.146569,0.725801,0.657541,30.38627,0.224103,0.056731,-0.886708,0.400386,-0.018056,-0.024722,-0.019444,-0.085,0.0775,-0.1775,45533.0,45522.0,45665.332,45652.0,557.0,561.3333,567.6667,558.6667,-88.666664,-80.0,-134.66667,-110.333336,0.0,0.0,0.0,0.0,0.0,0.0,0.0,0.0,0.0,0.0,0.0,0.0,0.0,0.0,0.0,0.0,0.0,0.0,0.0,0.0,0.0,0.0,0.0,0.0,0.0,0.0,0.0
-2.45814,0.943189,0.782944,0.137151,-0.145451,0.725169,0.658911,31.47334,0.220887,0.056336,-0.888552,0.398133,-0.013333,-0.046667,0.003333,0.16,-0.2,-0.09,46133.215,46121.645,46265.285,46257.645,571.0,555.3571,553.1429,551.7143,-89.35714,-65.0,-130.57143,-117.35714,0.0,0.0,0.0,0.0,0.0,0.0,0.0,0.0,0.0,0.0,0.0,0.0,0.0,0.0,0.0,0.0,0.0,0.0,0.0,0.0,0.0,0.0,0.0,0.0,0.0,0.0,0.0
-2.458073,0.935786,0.779472,0.135766,-0.146113,0.725904,0.658241,31.53682,0.219905,0.0561,-0.888511,0.3988,0.00881,-0.025952,0.029762,0.172857,-0.206429,-0.167143,46169.5,46157.25,46301.0,46293.0,570.0,556.25,559.0,552.5,-88.0,-67.25,-130.5,-120.5,0.0,0.0,0.0,0.0,0.0,0.0,0.0,0.0,0.0,0.0,0.0,0.0,0.0,0.0,0.0,0.0,0.0,0.0,0.0,0.0,0.0,0.0,0.0,0.0,0.0,0.0,0.0
-2.458136,0.934676,0.779085,0.135926,-0.146689,0.725787,0.65821,31.545261,0.219796,0.056074,-0.888507,0.398874,0.01127,-0.023651,0.032698,0.174286,-0.207143,-0.175714,46173.125,46161.062,46304.75,46296.75,569.75,556.5625,559.75,552.875,-87.75,-67.8125,-130.125,-120.125,0.0,0.0,0.0,0.0,0.0,0.0,0.0,0.0,0.0,0.0,0.0,0.0,0.0,0.0,0.0,0.0,0.0,0.0,0.0,0.0,0.0,0.0,0.0,0.0,0.0,0.0,0.0
-2.457834,0.93356,0.778655,0.13583,-0.14585,0.72573,0.658478,31.554094,0.219687,0.056048,-0.888502,0.398948,0.01373,-0.021349,0.035635,0.175714,-0.207857,-0.184286,46176.75,46164.875,46308.5,46300.5,569.5,556.875,560.5,553.25,-87.5,-68.375,-129.75,-119.75,0.0,0.0,0.0,0.0,0.0,0.0,0.0,0.0,0.0,0.0,0.0,0.0,0.0,0.0,0.0,0.0,0.0,0.0,0.0,0.0,0.0,0.0,0.0,0.0,0.0,0.0,0.0
-2.457715,0.932177,0.778266,0.136676,-0.145342,0.725743,0.658401,31.563362,0.219578,0.056022,-0.888498,0.399022,0.01619,-0.019048,0.038571,0.177143,-0.208571,-0.192857,46180.375,46168.688,46312.25,46304.25,569.25,557.1875,561.25,553.625,-87.25,-68.9375,-129.375,-119.375,0.0,0.0,0.0,0.0,0.0,0.0,0.0,0.0,0.0,0.0,0.0,0.0,0.0,0.0,0.0,0.0,0.0,0.0,0.0,0.0,0.0,0.0,0.0,0.0,0.0,0.0,0.0
-2.457804,0.930909,0.777898,0.13773,-0.144875,0.725913,0.658097,31.572458,0.219469,0.055995,-0.888493,0.399096,0.018651,-0.016746,0.041508,0.178571,-0.209286,-0.201429,46184.0,46172.5,46316.0,46308.0,569.0,557.5,562.0,554.0,-87.0,-69.5,-129.0,-119.0,0.0,0.0,0.0,0.0,0.0,0.0,0.0,0.0,0.0,0.0,0.0,0.0,0.0,0.0,0.0,0.0,0.0,0.0,0.0,0.0,0.0,0.0,0.0,0.0,0.0,0.0,0.0
-2.457914,0.93044,0.777588,0.137646,-0.145078,0.725981,0.657995,31.582615,0.21936,0.055969,-0.888489,0.39917,0.021111,-0.014444,0.044444,0.18,-0.21,-0.21,46187.625,46176.312,46319.75,46311.75,568.75,557.8125,562.75,554.375,-86.75,-70.0625,-128.625,-118.625,0.0,0.0,0.0,0.0,0.0,0.0,0.0,0.0,0.0,0.0,0.0,0.0,0.0,0.0,0.0,0.0,0.0,0.0,0.0,0.0,0.0,0.0,0.0,0.0,0.0,0.0,0.0
-2.458024,0.929971,0.777278,0.137561,-0.145281,0.726048,0.657894,31.583773,0.219386,0.055891,-0.888454,0.399244,0.02119,-0.013095,0.043175,0.154286,-0.195,-0.200714,46191.25,46180.125,46323.5,46315.5,568.5,558.125,563.5,554.75,-86.5,-70.625,-128.25,-118.25,0.0,0.0,0.0,0.0,0.0,0.0,0.0,0.0,0.0,0.0,0.0,0.0,0.0,0.0,0.0,0.0,0.0,0.0,0.0,0.0,0.0,0.0,0.0,0.0,0.0,0.0,0.0
-2.458304,0.928899,0.776562,0.137059,-0.14605,0.726384,0.657458,31.589113,0.219413,0.055812,-0.888419,0.399318,0.02127,-0.011746,0.041905,0.128571,-0.18,-0.191429,46194.875,46183.938,46327.25,46319.25,568.25,558.4375,564.25,555.125,-86.25,-71.1875,-127.875,-117.875,0.0,0.0,0.0,0.0,0.0,0.0,0.0,0.0,0.0,0.0,0.0,0.0,0.0,0.0,0.0,0.0,0.0,0.0,0.0,0.0,0.0,0.0,0.0,0.0,0.0,0.0,0.0
-2.458208,0.92766,0.77608,0.136404,-0.14624,0.726209,0.657745,31.59754,0.219439,0.055734,-0.888384,0.399392,0.021349,-0.010397,0.040635,0.102857,-0.165,-0.182143,46198.5,46187.75,46331.0,46323.0,568.0,558.75,565.0,555.5,-86.0,-71.75,-127.5,-117.5,0.0,0.0,0.0,0.0,0.0,0.0,0.0,0.0,0.0,0.0,0.0,0.0,0.0,0.0,0.0,0.0,0.0,0.0,0.0,0.0,0.0,0.0,0.0,0.0,0.0,0.0,0.0
-2.45234,0.872197,0.752904,0.136076,-0.145959,0.727486,0.656463,32.081776,0.217669,0.056555,-0.887881,0.401358,0.010694,-0.0225,0.04,0.16125,-0.18375,-0.1375,46465.547,46452.363,46600.816,46585.547,548.7273,551.36365,558.63635,542.63635,-82.0,-67.454544,-134.09091,-114.27273,0.0,0.0,0.0,0.0,0.0,0.0,0.0,0.0,0.0,0.0,0.0,0.0,0.0,0.0,0.0,0.0,0.0,0.0,0.0,0.0,0.0,0.0,0.0,0.0,0.0,0.0,0.0
-2.452503,0.871273,0.752811,0.136645,-0.146129,0.727858,0.655895,32.08959,0.217566,0.056506,-0.887868,0.401449,0.012569,-0.02125,0.042778,0.160625,-0.186875,-0.14375,46470.727,46457.816,46606.09,46590.727,547.63635,551.8182,559.1818,544.1818,-80.0,-68.27273,-134.45454,-114.36363,0.0,0.0,0.0,0.0,0.0,0.0,0.0,0.0,0.0,0.0,0.0,0.0,0.0,0.0,0.0,0.0,0.0,0.0,0.0,0.0,0.0,0.0,0.0,0.0,0.0,0.0,0.0
-2.452488,0.870739,0.752587,0.136916,-0.145353,0.728089,0.655753,32.094982,0.217463,0.056456,-0.887856,0.40154,0.014444,-0.02,0.045556,0.16,-0.19,-0.15,46475.91,46463.273,46611.363,46595.91,546.5455,552.2727,559.7273,545.7273,-78.0,-69.09091,-134.81818,-114.454544,0.0,0.0,0.0,0.0,0.0,0.0,0.0,0.0,0.0,0.0,0.0,0.0,0.0,0.0,0.0,0.0,0.0,0.0,0.0,0.0,0.0,0.0,0.0,0.0,0.0,0.0,0.0
-2.452473,0.870204,0.752362,0.137186,-0.144576,0.72832,0.655612,32.09851,0.217447,0.056367,-0.887813,0.401655,0.014444,-0.018889,0.045185,0.146,-0.176,-0.15,46481.09,46468.727,46616.637,46601.09,545.4545,552.7273,560.2727,547.2727,-76.0,-69.90909,-135.18182,-114.545456,0.0,0.0,0.0,0.0,0.0,0.0,0.0,0.0,0.0,0.0,0.0,0.0,0.0,0.0,0.0,0.0,0.0,0.0,0.0,0.0,0.0,0.0,0.0,0.0,0.0,0.0,0.0
-2.450743,0.844307,0.740832,0.136931,-0.145641,0.728986,0.654689,32.29776,0.218624,0.055602,-0.886765,0.403436,-0.011111,0.021111,-0.02,-0.23,0.06,-0.17,46593.31,46585.31,46735.31,46717.77,550.7692,565.1539,572.8461,559.53845,-78.30769,-82.84615,-147.61539,-113.23077,0.0,0.0,0.0,0.0,0.0,0.0,0.0,0.0,0.0,0.0,0.0,0.0,0.0,0.0,0.0,0.0,0.0,0.0,0.0,0.0,0.0,0.0,0.0,0.0,0.0,0.0,0.0
-2.449404,0.834987,0.737145,0.137494,-0.145272,0.727885,0.655878,32.388172,0.219584,0.056729,-0.886941,0.402368,-0.00906,-0.016838,-0.029231,-0.35,0.050769,0.079231,46646.5,46637.75,46788.125,46769.0,563.375,564.0,567.625,557.75,-88.375,-85.5,-147.125,-114.5,0.0,0.0,0.0,0.0,0.0,0.0,0.0,0.0,0.0,0.0,0.0,0.0,0.0,0.0,0.0,0.0,0.0,0.0,0.0,0.0,0.0,0.0,0.0,0.0,0.0,0.0,0.0
-2.449292,0.834494,0.737022,0.137395,-0.145179,0.727704,0.65612,32.393074,0.219664,0.056823,-0.886956,0.402279,-0.008889,-0.02,-0.03,-0.36,0.05,0.1,46650.75,46641.875,46792.312,46773.0,563.9375,563.5,567.0625,557.375,-88.4375,-85.25,-146.8125,-114.25,0.0,0.0,0.0,0.0,0.0,0.0,0.0,0.0,0.0,0.0,0.0,0.0,0.0,0.0,0.0,0.0,0.0,0.0,0.0,0.0,0.0,0.0,0.0,0.0,0.0,0.0,0.0
-2.449181,0.834,0.736898,0.137296,-0.145086,0.727523,0.656362,32.397938,0.219591,0.056823,-0.886996,0.402229,-0.009653,-0.02125,-0.029028,-0.330625,0.044375,0.09,46655.0,46646.0,46796.5,46777.0,564.5,563.0,566.5,557.0,-88.5,-85.0,-146.5,-114.0,0.0,0.0,0.0,0.0,0.0,0.0,0.0,0.0,0.0,0.0,0.0,0.0,0.0,0.0,0.0,0.0,0.0,0.0,0.0,0.0,0.0,0.0,0.0,0.0,0.0,0.0,0.0
-2.448964,0.833426,0.736601,0.138121,-0.144733,0.727497,0.656295,32.40661,0.219518,0.056823,-0.887037,0.402179,-0.010417,-0.0225,-0.028056,-0.30125,0.03875,0.08,46659.25,46650.125,46800.688,46781.0,565.0625,562.5,565.9375,556.625,-88.5625,-84.75,-146.1875,-113.75,0.0,0.0,0.0,0.0,0.0,0.0,0.0,0.0,0.0,0.0,0.0,0.0,0.0,0.0,0.0,0.0,0.0,0.0,0.0,0.0,0.0,0.0,0.0,0.0,0.0,0.0,0.0
-2.443764,0.779321,0.712516,0.136523,-0.14277,0.728794,0.65562,32.88197,0.217875,0.055807,-0.887228,0.402792,-0.003704,0.002222,-0.025926,-0.393333,-0.136667,0.11,46909.125,46902.125,47052.938,47031.938,562.1875,566.0625,570.8125,562.4375,-70.5625,-86.625,-143.5625,-108.1875,0.0,0.0,0.0,0.0,0.0,0.0,0.0,0.0,0.0,0.0,0.0,0.0,0.0,0.0,0.0,0.0,0.0,0.0,0.0,0.0,0.0,0.0,0.0,0.0,0.0,0.0,0.0
-2.443595,0.778677,0.712255,0.136472,-0.14281,0.728421,0.656036,32.892414,0.218017,0.055923,-0.887237,0.402679,-0.002222,-0.001389,-0.028333,-0.4125,-0.1575,0.125,46912.75,46905.75,47056.625,47035.625,563.125,566.375,570.875,562.625,-70.375,-86.75,-143.375,-108.125,0.0,0.0,0.0,0.0,0.0,0.0,0.0,0.0,0.0,0.0,0.0,0.0,0.0,0.0,0.0,0.0,0.0,0.0,0.0,0.0,0.0,0.0,0.0,0.0,0.0,0.0,0.0
-2.443518,0.778029,0.712016,0.13627,-0.142871,0.728556,0.655915,32.904587,0.21816,0.05604,-0.887246,0.402567,-0.000741,-0.005,-0.030741,-0.431667,-0.178333,0.14,46916.375,46909.375,47060.312,47039.312,564.0625,566.6875,570.9375,562.8125,-70.1875,-86.875,-143.1875,-108.0625,0.0,0.0,0.0,0.0,0.0,0.0,0.0,0.0,0.0,0.0,0.0,0.0,0.0,0.0,0.0,0.0,0.0,0.0,0.0,0.0,0.0,0.0,0.0,0.0,0.0,0.0,0.0
-2.443559,0.777674,0.711957,0.136602,-0.143042,0.728457,0.655918,32.90599,0.218302,0.056157,-0.887255,0.402454,0.000741,-0.008611,-0.033148,-0.450833,-0.199167,0.155,46920.0,46913.0,47064.0,47043.0,565.0,567.0,571.0,563.0,-70.0,-87.0,-143.0,-108.0,0.0,0.0,0.0,0.0,0.0,0.0,0.0,0.0,0.0,0.0,0.0,0.0,0.0,0.0,0.0,0.0,0.0,0.0,0.0,0.0,0.0,0.0,0.0,0.0,0.0,0.0,0.0
-2.4436,0.777319,0.711899,0.136934,-0.143213,0.728358,0.655922,32.90649,0.218444,0.056274,-0.887264,0.402342,0.002222,-0.012222,-0.035556,-0.47,-0.22,0.17,46924.54,46917.46,47068.46,47047.383,565.38464,566.8461,570.1539,562.2308,-71.0,-86.38461,-143.46153,-107.38461,0.0,0.0,0.0,0.0,0.0,0.0,0.0,0.0,0.0,0.0,0.0,0.0,0.0,0.0,0.0,0.0,0.0,0.0,0.0,0.0,0.0,0.0,0.0,0.0,0.0,0.0,0.0
-2.443642,0.776964,0.711841,0.137266,-0.143384,0.728259,0.655925,32.90752,0.218364,0.056284,-0.88734,0.402215,0.001624,-0.014188,-0.034786,-0.423846,-0.198462,0.151538,46929.08,46921.92,47072.92,47051.77,565.7692,566.6923,569.3077,561.46155,-72.0,-85.76923,-143.92308,-106.76923,0.0,0.0,0.0,0.0,0.0,0.0,0.0,0.0,0.0,0.0,0.0,0.0,0.0,0.0,0.0,0.0,0.0,0.0,0.0,0.0,0.0,0.0,0.0,0.0,0.0,0.0,0.0
-2.443386,0.776,0.711304,0.136513,-0.14315,0.727897,0.656535,32.91589,0.218285,0.056293,-0.887416,0.402089,0.001026,-0.016154,-0.034017,-0.377692,-0.176923,0.133077,46933.617,46926.383,47077.383,47056.152,566.1539,566.53845,568.46155,560.6923,-73.0,-85.15385,-144.38461,-106.15385,0.0,0.0,0.0,0.0,0.0,0.0,0.0,0.0,0.0,0.0,0.0,0.0,0.0,0.0,0.0,0.0,0.0,0.0,0.0,0.0,0.0,0.0,0.0,0.0,0.0,0.0,0.0
-2.443211,0.775609,0.711038,0.135599,-0.143012,0.72759,0.657095,32.924892,0.218205,0.056302,-0.887492,0.401963,0.000427,-0.01812,-0.033248,-0.331538,-0.155385,0.114615,46938.152,46930.848,47081.848,47060.54,566.53845,566.38464,567.61536,559.9231,-74.0,-84.53846,-144.84616,-105.53846,0.0,0.0,0.0,0.0,0.0,0.0,0.0,0.0,0.0,0.0,0.0,0.0,0.0,0.0,0.0,0.0,0.0,0.0,0.0,0.0,0.0,0.0,0.0,0.0,0.0,0.0,0.0
-2.439416,0.690802,0.675123,0.135266,-0.14311,0.724995,0.660003,33.656673,0.217936,0.053761,-0.88995,0.396992,0.02732,-0.000261,0.014118,0.146471,-0.221765,-0.16,47347.8,47344.8,47497.2,47475.8,546.4,555.8,554.0,553.4,-67.4,-81.2,-154.0,-109.6,0.0,0.0,0.0,0.0,0.0,0.0,0.0,0.0,0.0,0.0,0.0,0.0,0.0,0.0,0.0,0.0,0.0,0.0,0.0,0.0,0.0,0.0,0.0,0.0,0.0,0.0,0.0
-2.439404,0.690401,0.674764,0.134698,-0.143478,0.72475,0.660309,33.6572,0.217957,0.053711,-0.889956,0.396974,0.028889,0.0,0.017778,0.16,-0.24,-0.17,47351.6,47348.6,47501.066,47479.6,545.4667,555.6,554.3333,553.4667,-67.13333,-81.066666,-154.0,-109.86667,0.0,0.0,0.0,0.0,0.0,0.0,0.0,0.0,0.0,0.0,0.0,0.0,0.0,0.0,0.0,0.0,0.0,0.0,0.0,0.0,0.0,0.0,0.0,0.0,0.0,0.0,0.0
-2.439391,0.69,0.674404,0.13413,-0.143846,0.724504,0.660614,33.666553,0.218032,0.053542,-0.88995,0.396968,0.029383,0.001481,0.01716,0.144444,-0.216667,-0.151111,47355.4,47352.4,47504.934,47483.4,544.5333,555.4,554.6667,553.5333,-66.86667,-80.933334,-154.0,-110.13333,0.0,0.0,0.0,0.0,0.0,0.0,0.0,0.0,0.0,0.0,0.0,0.0,0.0,0.0,0.0,0.0,0.0,0.0,0.0,0.0,0.0,0.0,0.0,0.0,0.0,0.0,0.0
-2.437989,0.668531,0.665851,0.136744,-0.145119,0.723897,0.660466,33.82033,0.220097,0.052918,-0.889909,0.396003,-0.018889,0.028889,-0.028889,-0.13,0.17,-0.06,47446.5,47444.5,47600.125,47578.25,550.0,559.0,563.75,564.5,-67.0,-85.875,-158.875,-116.5,0.0,0.0,0.0,0.0,0.0,0.0,0.0,0.0,0.0,0.0,0.0,0.0,0.0,0.0,0.0,0.0,0.0,0.0,0.0,0.0,0.0,0.0,0.0,0.0,0.0,0.0,0.0
-2.437947,0.668097,0.665581,0.137257,-0.145211,0.723654,0.660605,33.82445,0.220125,0.053036,-0.889928,0.39593,-0.017778,0.026444,-0.029259,-0.142,0.142667,-0.056,47450.25,47448.25,47603.688,47581.875,551.0,559.5,563.125,564.75,-67.0,-85.8125,-158.3125,-116.25,0.0,0.0,0.0,0.0,0.0,0.0,0.0,0.0,0.0,0.0,0.0,0.0,0.0,0.0,0.0,0.0,0.0,0.0,0.0,0.0,0.0,0.0,0.0,0.0,0.0,0.0,0.0
-2.437689,0.667095,0.665199,0.136988,-0.145926,0.723519,0.660651,33.832916,0.220153,0.053154,-0.889947,0.395856,-0.016667,0.024,-0.02963,-0.154,0.115333,-0.052,47454.0,47452.0,47607.25,47585.5,552.0,560.0,562.5,565.0,-67.0,-85.75,-157.75,-116.0,0.0,0.0,0.0,0.0,0.0,0.0,0.0,0.0,0.0,0.0,0.0,0.0,0.0,0.0,0.0,0.0,0.0,0.0,0.0,0.0,0.0,0.0,0.0,0.0,0.0,0.0,0.0
-2.436162,0.654881,0.660824,0.137514,-0.144294,0.722391,0.662133,33.93754,0.220518,0.054687,-0.890191,0.394894,-0.002222,-0.007778,-0.034444,-0.31,-0.24,0.0,47501.95,47499.9,47652.85,47631.9,564.3,565.9,554.8,567.5,-67.15,-85.0,-150.6,-112.5,0.0,0.0,0.0,0.0,0.0,0.0,0.0,0.0,0.0,0.0,0.0,0.0,0.0,0.0,0.0,0.0,0.0,0.0,0.0,0.0,0.0,0.0,0.0,0.0,0.0,0.0,0.0
-2.435368,0.634046,0.653185,0.136013,-0.144828,0.721987,0.662767,34.130417,0.219358,0.054199,-0.891102,0.39355,0.027778,-0.004444,0.02,0.29,-0.19,-0.12,47603.11,47600.11,47750.555,47730.555,560.6667,557.7778,552.55554,551.0,-66.111115,-82.666664,-139.88889,-103.0,0.0,0.0,0.0,0.0,0.0,0.0,0.0,0.0,0.0,0.0,0.0,0.0,0.0,0.0,0.0,0.0,0.0,0.0,0.0,0.0,0.0,0.0,0.0,0.0,0.0,0.0,0.0
-2.43556,0.633566,0.652857,0.135497,-0.144692,0.722245,0.662621,34.134254,0.219375,0.054076,-0.891098,0.393567,0.028492,-0.003571,0.019603,0.268571,-0.177857,-0.122143,47609.555,47606.555,47756.777,47736.777,559.3333,556.8889,552.7778,550.0,-65.55556,-82.333336,-139.44444,-103.0,0.0,0.0,0.0,0.0,0.0,0.0,0.0,0.0,0.0,0.0,0.0,0.0,0.0,0.0,0.0,0.0,0.0,0.0,0.0,0.0,0.0,0.0,0.0,0.0,0.0,0.0,0.0
-2.434087,0.594978,0.637949,0.137035,-0.147337,0.720517,0.663603,34.444054,0.221917,0.05316,-0.891207,0.392016,0.022222,-0.006667,-0.036667,-0.16,-0.2,-0.02,47788.57,47783.93,47936.855,47918.785,576.4286,554.5714,563.1429,563.6429,-74.85714,-74.78571,-144.07143,-112.78571,0.0,0.0,0.0,0.0,0.0,0.0,0.0,0.0,0.0,0.0,0.0,0.0,0.0,0.0,0.0,0.0,0.0,0.0,0.0,0.0,0.0,0.0,0.0,0.0,0.0,0.0,0.0
-2.428216,0.532236,0.613248,0.138527,-0.146276,0.718426,0.665791,34.965164,0.220951,0.055299,-0.892777,0.388679,-0.021111,0.007778,-0.012222,-0.21,-0.23,0.08,48094.05,48082.0,48234.156,48222.105,559.8947,562.7895,556.2105,568.4737,-90.89474,-68.8421,-132.8421,-127.36842,0.0,0.0,0.0,0.0,0.0,0.0,0.0,0.0,0.0,0.0,0.0,0.0,0.0,0.0,0.0,0.0,0.0,0.0,0.0,0.0,0.0,0.0,0.0,0.0,0.0,0.0,0.0
-2.417719,0.318667,0.523031,0.135381,-0.1405,0.718031,0.668104,36.81004,0.213256,0.057007,-0.896177,0.384887,0.018889,-0.012222,0.028889,0.13,-0.25,-0.19,49097.75,49085.832,49237.832,49228.832,560.5,554.9167,547.25,556.5,-80.166664,-68.5,-128.66667,-125.666664,0.0,0.0,0.0,0.0,0.0,0.0,0.0,0.0,0.0,0.0,0.0,0.0,0.0,0.0,0.0,0.0,0.0,0.0,0.0,0.0,0.0,0.0,0.0,0.0,0.0,0.0,0.0
-2.414919,0.256486,0.498436,0.137342,-0.140264,0.716281,0.66963,37.33004,0.213931,0.058077,-0.896597,0.383372,0.022735,-0.010855,0.031197,0.2,-0.220769,-0.172308,49397.934,49387.734,49539.734,49530.465,555.06665,560.26666,559.5333,551.26666,-67.8,-66.46667,-130.93333,-118.2,0.0,0.0,0.0,0.0,0.0,0.0,0.0,0.0,0.0,0.0,0.0,0.0,0.0,0.0,0.0,0.0,0.0,0.0,0.0,0.0,0.0,0.0,0.0,0.0,0.0,0.0,0.0
-2.414811,0.255926,0.498195,0.1374,-0.1405,0.716189,0.669667,37.330704,0.213865,0.058044,-0.896595,0.383418,0.025556,-0.008889,0.034444,0.21,-0.23,-0.18,49401.668,49391.668,49543.668,49534.332,554.3333,560.3333,559.6667,552.3333,-68.0,-66.333336,-130.66667,-119.0,0.0,0.0,0.0,0.0,0.0,0.0,0.0,0.0,0.0,0.0,0.0,0.0,0.0,0.0,0.0,0.0,0.0,0.0,0.0,0.0,0.0,0.0,0.0,0.0,0.0,0.0,0.0
-2.414703,0.255366,0.497954,0.137458,-0.140736,0.716098,0.669704,37.33776,0.21392,0.057993,-0.896575,0.383443,0.023889,-0.005093,0.031204,0.191667,-0.205,-0.17,49405.4,49395.6,49547.6,49538.2,553.6,560.4,559.8,553.4,-68.2,-66.2,-130.4,-119.8,0.0,0.0,0.0,0.0,0.0,0.0,0.0,0.0,0.0,0.0,0.0,0.0,0.0,0.0,0.0,0.0,0.0,0.0,0.0,0.0,0.0,0.0,0.0,0.0,0.0,0.0,0.0
-2.413882,0.217702,0.482582,0.138109,-0.14236,0.715043,0.670353,37.613033,0.217642,0.05913,-0.896175,0.382106,0.021111,0.003889,-0.024722,-0.26,-0.185,-0.0675,49556.0,49547.0,49700.0,49693.0,572.0,566.0,562.0,560.0,-88.0,-71.0,-137.0,-132.0,0.0,0.0,0.0,0.0,0.0,0.0,0.0,0.0,0.0,0.0,0.0,0.0,0.0,0.0,0.0,0.0,0.0,0.0,0.0,0.0,0.0,0.0,0.0,0.0,0.0,0.0,0.0
-2.413906,0.217272,0.482446,0.138451,-0.142177,0.715136,0.670222,37.620674,0.217769,0.059216,-0.896184,0.381999,0.022963,0.001481,-0.026481,-0.27,-0.19,-0.058333,49560.617,49551.54,49704.383,49697.54,571.9231,565.46155,560.46155,560.0,-88.15385,-70.53846,-135.53847,-131.84616,0.0,0.0,0.0,0.0,0.0,0.0,0.0,0.0,0.0,0.0,0.0,0.0,0.0,0.0,0.0,0.0,0.0,0.0,0.0,0.0,0.0,0.0,0.0,0.0,0.0,0.0,0.0
-2.413658,0.216546,0.482141,0.138566,-0.143145,0.714866,0.67028,37.629795,0.217896,0.059302,-0.896193,0.381892,0.024815,-0.000926,-0.028241,-0.28,-0.195,-0.049167,49565.23,49556.08,49708.77,49702.08,571.8461,564.9231,558.9231,560.0,-88.30769,-70.07692,-134.07692,-131.6923,0.0,0.0,0.0,0.0,0.0,0.0,0.0,0.0,0.0,0.0,0.0,0.0,0.0,0.0,0.0,0.0,0.0,0.0,0.0,0.0,0.0,0.0,0.0,0.0,0.0,0.0,0.0
-2.4136,0.215919,0.482075,0.139199,-0.142866,0.714691,0.670395,37.633987,0.218023,0.059389,-0.896203,0.381785,0.026667,-0.003333,-0.03,-0.29,-0.2,-0.04,49569.848,49560.617,49713.152,49706.617,571.7692,564.38464,557.38464,560.0,-88.46154,-69.61539,-132.61539,-131.53847,0.0,0.0,0.0,0.0,0.0,0.0,0.0,0.0,0.0,0.0,0.0,0.0,0.0,0.0,0.0,0.0,0.0,0.0,0.0,0.0,0.0,0.0,0.0,0.0,0.0,0.0,0.0
-2.413543,0.215293,0.482008,0.139831,-0.142587,0.714515,0.67051,37.63796,0.218023,0.059349,-0.896241,0.381702,0.025817,-0.004248,-0.028824,-0.262941,-0.189412,-0.042941,49574.46,49565.152,49717.54,49711.152,571.6923,563.8461,555.8461,560.0,-88.61539,-69.15385,-131.15384,-131.38461,0.0,0.0,0.0,0.0,0.0,0.0,0.0,0.0,0.0,0.0,0.0,0.0,0.0,0.0,0.0,0.0,0.0,0.0,0.0,0.0,0.0,0.0,0.0,0.0,0.0,0.0,0.0
-2.408852,0.095593,0.432586,0.138734,-0.141226,0.71678,0.668606,38.631874,0.215223,0.057848,-0.895812,0.384516,-0.029028,0.010694,-0.014722,-0.23375,-0.08375,0.06875,50116.08,50111.31,50265.54,50254.31,549.0,566.0769,581.53845,553.38464,-68.46154,-86.38461,-137.92308,-121.30769,0.0,0.0,0.0,0.0,0.0,0.0,0.0,0.0,0.0,0.0,0.0,0.0,0.0,0.0,0.0,0.0,0.0,0.0,0.0,0.0,0.0,0.0,0.0,0.0,0.0,0.0,0.0
-2.408604,0.09479,0.432338,0.138789,-0.140689,0.717656,0.667768,38.64077,0.215242,0.057962,-0.895817,0.384478,-0.029375,0.009653,-0.015972,-0.243125,-0.093125,0.080625,50120.46,50115.848,50270.23,50258.848,549.0,565.46155,581.2308,552.3077,-68.76923,-86.30769,-137.53847,-119.84615,0.0,0.0,0.0,0.0,0.0,0.0,0.0,0.0,0.0,0.0,0.0,0.0,0.0,0.0,0.0,0.0,0.0,0.0,0.0,0.0,0.0,0.0,0.0,0.0,0.0,0.0,0.0
-2.408348,0.093811,0.432099,0.138423,-0.141215,0.717476,0.667926,38.649563,0.215261,0.058076,-0.895821,0.38444,-0.029722,0.008611,-0.017222,-0.2525,-0.1025,0.0925,50124.848,50120.383,50274.92,50263.383,549.0,564.8461,580.9231,551.2308,-69.07692,-86.23077,-137.15384,-118.38461,0.0,0.0,0.0,0.0,0.0,0.0,0.0,0.0,0.0,0.0,0.0,0.0,0.0,0.0,0.0,0.0,0.0,0.0,0.0,0.0,0.0,0.0,0.0,0.0,0.0,0.0,0.0
-2.407841,0.09253,0.431552,0.137435,-0.14091,0.716133,0.669634,38.657864,0.21528,0.058191,-0.895825,0.384402,-0.030069,0.007569,-0.018472,-0.261875,-0.111875,0.104375,50129.23,50124.92,50279.617,50267.92,549.0,564.2308,580.61536,550.1539,-69.38461,-86.15385,-136.76923,-116.92308,0.0,0.0,0.0,0.0,0.0,0.0,0.0,0.0,0.0,0.0,0.0,0.0,0.0,0.0,0.0,0.0,0.0,0.0,0.0,0.0,0.0,0.0,0.0,0.0,0.0,0.0,0.0
-2.407922,0.09177,0.431233,0.137957,-0.141093,0.716428,0.669173,38.666534,0.2153,0.058305,-0.895829,0.384364,-0.030417,0.006528,-0.019722,-0.27125,-0.12125,0.11625,50133.617,50129.46,50284.31,50272.46,549.0,563.61536,580.3077,549.0769,-69.69231,-86.07692,-136.38461,-115.46154,0.0,0.0,0.0,0.0,0.0,0.0,0.0,0.0,0.0,0.0,0.0,0.0,0.0,0.0,0.0,0.0,0.0,0.0,0.0,0.0,0.0,0.0,0.0,0.0,0.0,0.0,0.0
-2.407921,0.091532,0.431075,0.138079,-0.141003,0.716474,0.669117,38.66841,0.215319,0.05842,-0.895834,0.384326,-0.030764,0.005486,-0.020972,-0.280625,-0.130625,0.128125,50138.0,50134.0,50289.0,50277.0,549.0,563.0,580.0,548.0,-70.0,-86.0,-136.0,-114.0,0.0,0.0,0.0,0.0,0.0,0.0,0.0,0.0,0.0,0.0,0.0,0.0,0.0,0.0,0.0,0.0,0.0,0.0,0.0,0.0,0.0,0.0,0.0,0.0,0.0,0.0,0.0
-2.40792,0.091294,0.430916,0.138201,-0.140912,0.71652,0.669061,38.669025,0.215338,0.058534,-0.895838,0.384288,-0.031111,0.004444,-0.022222,-0.29,-0.14,0.14,50142.07,50138.285,50293.355,50281.145,549.6429,562.8571,579.6429,548.2857,-69.71429,-86.0,-136.0,-113.28571,0.0,0.0,0.0,0.0,0.0,0.0,0.0,0.0,0.0,0.0,0.0,0.0,0.0,0.0,0.0,0.0,0.0,0.0,0.0,0.0,0.0,0.0,0.0,0.0,0.0,0.0,0.0
-2.407919,0.091056,0.430758,0.138323,-0.140822,0.716567,0.669006,38.675472,0.215264,0.058639,-0.895881,0.384214,-0.030873,0.001349,-0.022619,-0.274286,-0.124286,0.126429,50146.145,50142.57,50297.715,50285.285,550.2857,562.7143,579.2857,548.5714,-69.42857,-86.0,-136.0,-112.57143,0.0,0.0,0.0,0.0,0.0,0.0,0.0,0.0,0.0,0.0,0.0,0.0,0.0,0.0,0.0,0.0,0.0,0.0,0.0,0.0,0.0,0.0,0.0,0.0,0.0,0.0,0.0
-2.407829,0.090256,0.43028,0.138497,-0.140326,0.716804,0.668819,38.68391,0.215189,0.058744,-0.895924,0.384139,-0.030635,-0.001746,-0.023016,-0.258571,-0.108571,0.112857,50150.215,50146.855,50302.07,50289.43,550.9286,562.5714,578.9286,548.8571,-69.14286,-86.0,-136.0,-111.85714,0.0,0.0,0.0,0.0,0.0,0.0,0.0,0.0,0.0,0.0,0.0,0.0,0.0,0.0,0.0,0.0,0.0,0.0,0.0,0.0,0.0,0.0,0.0,0.0,0.0,0.0,0.0
-2.407578,0.089494,0.430073,0.1381,-0.140522,0.7166,0.669079,38.69314,0.215115,0.058848,-0.895966,0.384065,-0.030397,-0.004841,-0.023413,-0.242857,-0.092857,0.099286,50154.285,50151.145,50306.43,50293.57,551.5714,562.4286,578.5714,549.1429,-68.85714,-86.0,-136.0,-111.14286,0.0,0.0,0.0,0.0,0.0,0.0,0.0,0.0,0.0,0.0,0.0,0.0,0.0,0.0,0.0,0.0,0.0,0.0,0.0,0.0,0.0,0.0,0.0,0.0,0.0,0.0,0.0
-2.407344,0.088153,0.429607,0.137426,-0.140055,0.716442,0.669485,38.70164,0.215041,0.058953,-0.896009,0.38399,-0.030159,-0.007937,-0.02381,-0.227143,-0.077143,0.085714,50158.355,50155.43,50310.785,50297.715,552.2143,562.2857,578.2143,549.4286,-68.57143,-86.0,-136.0,-110.42857,0.0,0.0,0.0,0.0,0.0,0.0,0.0,0.0,0.0,0.0,0.0,0.0,0.0,0.0,0.0,0.0,0.0,0.0,0.0,0.0,0.0,0.0,0.0,0.0,0.0,0.0,0.0
-2.406385,0.08133,0.426758,0.137406,-0.139283,0.716286,0.669816,38.769245,0.214446,0.059789,-0.896352,0.383395,-0.028254,-0.032698,-0.026984,-0.101429,0.048571,-0.022857,50190.93,50189.715,50345.645,50330.855,557.3571,561.1429,575.3571,551.7143,-66.28571,-86.0,-136.0,-104.71429,0.0,0.0,0.0,0.0,0.0,0.0,0.0,0.0,0.0,0.0,0.0,0.0,0.0,0.0,0.0,0.0,0.0,0.0,0.0,0.0,0.0,0.0,0.0,0.0,0.0,0.0,0.0
-2.406319,0.081038,0.426682,0.137693,-0.139183,0.716269,0.669797,38.775772,0.214372,0.059894,-0.896394,0.38332,-0.028016,-0.035794,-0.027381,-0.085714,0.064286,-0.036429,50195.0,50194.0,50350.0,50335.0,558.0,561.0,575.0,552.0,-66.0,-86.0,-136.0,-104.0,0.0,0.0,0.0,0.0,0.0,0.0,0.0,0.0,0.0,0.0,0.0,0.0,0.0,0.0,0.0,0.0,0.0,0.0,0.0,0.0,0.0,0.0,0.0,0.0,0.0,0.0,0.0
-2.406252,0.080747,0.426605,0.137981,-0.139083,0.716251,0.669778,38.77629,0.214298,0.059998,-0.896437,0.383246,-0.027778,-0.038889,-0.027778,-0.07,0.08,-0.05,50198.53,50197.47,50353.53,50338.47,557.8823,561.17645,574.2353,551.7059,-66.0,-85.70588,-135.64706,-104.70588,0.0,0.0,0.0,0.0,0.0,0.0,0.0,0.0,0.0,0.0,0.0,0.0,0.0,0.0,0.0,0.0,0.0,0.0,0.0,0.0,0.0,0.0,0.0,0.0,0.0,0.0,0.0
-2.406186,0.080455,0.426528,0.138268,-0.138982,0.716233,0.669759,38.777794,0.214109,0.060029,-0.896491,0.383219,-0.02713,-0.038611,-0.025648,-0.051667,0.073333,-0.056667,50202.06,50200.94,50357.06,50341.94,557.7647,561.35297,573.4706,551.41174,-66.0,-85.411766,-135.29411,-105.411766,0.0,0.0,0.0,0.0,0.0,0.0,0.0,0.0,0.0,0.0,0.0,0.0,0.0,0.0,0.0,0.0,0.0,0.0,0.0,0.0,0.0,0.0,0.0,0.0,0.0,0.0,0.0
-2.405862,0.079628,0.426308,0.138432,-0.13864,0.716187,0.669844,38.788204,0.21392,0.060059,-0.896545,0.383193,-0.026481,-0.038333,-0.023519,-0.033333,0.066667,-0.063333,50205.59,50204.41,50360.59,50345.41,557.64703,561.5294,572.7059,551.1177,-66.0,-85.117645,-134.94118,-106.117645,0.0,0.0,0.0,0.0,0.0,0.0,0.0,0.0,0.0,0.0,0.0,0.0,0.0,0.0,0.0,0.0,0.0,0.0,0.0,0.0,0.0,0.0,0.0,0.0,0.0,0.0,0.0
-2.405807,0.078719,0.42593,0.137955,-0.138867,0.716096,0.669993,38.794605,0.213732,0.06009,-0.896599,0.383167,-0.025833,-0.038056,-0.021389,-0.015,0.06,-0.07,50209.117,50207.883,50364.117,50348.883,557.5294,561.7059,571.94116,550.82355,-66.0,-84.82353,-134.58824,-106.82353,0.0,0.0,0.0,0.0,0.0,0.0,0.0,0.0,0.0,0.0,0.0,0.0,0.0,0.0,0.0,0.0,0.0,0.0,0.0,0.0,0.0,0.0,0.0,0.0,0.0,0.0,0.0
-2.405704,0.07783,0.425539,0.137873,-0.138519,0.716029,0.670153,38.80324,0.213543,0.06012,-0.896653,0.383141,-0.025185,-0.037778,-0.019259,0.003333,0.053333,-0.076667,50212.65,50211.35,50367.65,50352.35,557.41174,561.8823,571.17645,550.5294,-66.0,-84.52941,-134.23529,-107.52941,0.0,0.0,0.0,0.0,0.0,0.0,0.0,0.0,0.0,0.0,0.0,0.0,0.0,0.0,0.0,0.0,0.0,0.0,0.0,0.0,0.0,0.0,0.0,0.0,0.0,0.0,0.0
-2.402425,0.02996,0.405512,0.138342,-0.138749,0.715674,0.670388,39.180305,0.2128,0.06038,-0.896484,0.383909,-0.017556,0.019704,-0.024074,-0.324,-0.020667,0.052667,50405.145,50404.715,50562.715,50545.145,557.1429,564.8571,568.1429,562.2857,-66.85714,-84.57143,-149.42857,-113.0,0.0,0.0,0.0,0.0,0.0,0.0,0.0,0.0,0.0,0.0,0.0,0.0,0.0,0.0,0.0,0.0,0.0,0.0,0.0,0.0,0.0,0.0,0.0,0.0,0.0,0.0,0.0
-2.402424,0.029546,0.405332,0.139067,-0.138472,0.715794,0.670168,39.183376,0.21289,0.060486,-0.896482,0.383849,-0.017778,0.018889,-0.025556,-0.34,-0.03,0.06,50409.285,50408.93,50566.93,50549.285,558.2857,564.7143,568.2857,561.5714,-66.71429,-84.64286,-150.35715,-113.0,0.0,0.0,0.0,0.0,0.0,0.0,0.0,0.0,0.0,0.0,0.0,0.0,0.0,0.0,0.0,0.0,0.0,0.0,0.0,0.0,0.0,0.0,0.0,0.0,0.0,0.0,0.0
-2.402423,0.029133,0.405152,0.139793,-0.138194,0.715913,0.669947,39.189175,0.21292,0.060608,-0.896507,0.383753,-0.017302,0.015238,-0.026032,-0.332857,-0.027143,0.061429,50413.43,50413.145,50571.145,50553.43,559.4286,564.5714,568.4286,560.8571,-66.57143,-84.71429,-151.28572,-113.0,0.0,0.0,0.0,0.0,0.0,0.0,0.0,0.0,0.0,0.0,0.0,0.0,0.0,0.0,0.0,0.0,0.0,0.0,0.0,0.0,0.0,0.0,0.0,0.0,0.0,0.0,0.0
-2.402553,0.02855,0.404783,0.14037,-0.137713,0.716141,0.669682,39.19902,0.212951,0.06073,-0.896533,0.383657,-0.016825,0.011587,-0.026508,-0.325714,-0.024286,0.062857,50417.57,50417.355,50575.355,50557.57,560.5714,564.4286,568.5714,560.1429,-66.42857,-84.78571,-152.21428,-113.0,0.0,0.0,0.0,0.0,0.0,0.0,0.0,0.0,0.0,0.0,0.0,0.0,0.0,0.0,0.0,0.0,0.0,0.0,0.0,0.0,0.0,0.0,0.0,0.0,0.0,0.0,0.0
-2.401534,0.021592,0.401638,0.140072,-0.135603,0.715929,0.670401,39.265736,0.213224,0.061828,-0.896763,0.382791,-0.01254,-0.02127,-0.030794,-0.261429,0.001429,0.075714,50457.23,50457.69,50615.69,50597.23,563.53845,562.1539,565.3077,556.1539,-66.92308,-85.92308,-144.84616,-113.92308,0.0,0.0,0.0,0.0,0.0,0.0,0.0,0.0,0.0,0.0,0.0,0.0,0.0,0.0,0.0,0.0,0.0,0.0,0.0,0.0,0.0,0.0,0.0,0.0,0.0,0.0,0.0
-2.401189,0.020708,0.4015,0.138998,-0.136839,0.715051,0.67131,39.277313,0.213254,0.06195,-0.896788,0.382695,-0.012063,-0.024921,-0.03127,-0.254286,0.004286,0.077143,50461.77,50462.31,50620.31,50601.77,563.46155,561.8461,564.6923,555.8461,-67.07692,-86.07692,-143.15384,-114.07692,0.0,0.0,0.0,0.0,0.0,0.0,0.0,0.0,0.0,0.0,0.0,0.0,0.0,0.0,0.0,0.0,0.0,0.0,0.0,0.0,0.0,0.0,0.0,0.0,0.0,0.0,0.0
-2.401136,0.020097,0.401173,0.138586,-0.136475,0.715039,0.671482,39.283737,0.213285,0.062072,-0.896814,0.382599,-0.011587,-0.028571,-0.031746,-0.247143,0.007143,0.078571,50466.31,50466.92,50624.92,50606.31,563.38464,561.53845,564.0769,555.53845,-67.23077,-86.23077,-141.46153,-114.23077,0.0,0.0,0.0,0.0,0.0,0.0,0.0,0.0,0.0,0.0,0.0,0.0,0.0,0.0,0.0,0.0,0.0,0.0,0.0,0.0,0.0,0.0,0.0,0.0,0.0,0.0,0.0
-2.401281,0.019797,0.400995,0.138458,-0.136474,0.715275,0.671257,39.28402,0.213315,0.062194,-0.896839,0.382502,-0.011111,-0.032222,-0.032222,-0.24,0.01,0.08,50470.848,50471.54,50629.54,50610.848,563.3077,561.2308,563.46155,555.2308,-67.38461,-86.38461,-139.76923,-114.38461,0.0,0.0,0.0,0.0,0.0,0.0,0.0,0.0,0.0,0.0,0.0,0.0,0.0,0.0,0.0,0.0,0.0,0.0,0.0,0.0,0.0,0.0,0.0,0.0,0.0,0.0,0.0
-2.401663,-0.06482,0.367426,0.133636,-0.134935,0.717377,0.670302,40.047276,0.212984,0.05764,-0.897431,0.382011,0.003111,-0.021111,-0.038222,-0.086,0.162,0.098,50901.0,50893.0,51056.0,51035.0,557.0,558.0,558.0,553.0,-69.0,-72.0,-142.0,-99.0,0.0,0.0,0.0,0.0,0.0,0.0,0.0,0.0,0.0,0.0,0.0,0.0,0.0,0.0,0.0,0.0,0.0,0.0,0.0,0.0,0.0,0.0,0.0,0.0,0.0,0.0,0.0
-2.40168,-0.064981,0.367353,0.133525,-0.135135,0.717311,0.670353,40.04802,0.21307,0.057616,-0.897568,0.381646,0.0,-0.027778,-0.041111,-0.03,0.2,0.12,50904.41,50896.41,51059.59,51038.59,557.17645,557.7059,558.35297,554.05884,-68.94118,-71.588234,-142.64706,-100.17647,0.0,0.0,0.0,0.0,0.0,0.0,0.0,0.0,0.0,0.0,0.0,0.0,0.0,0.0,0.0,0.0,0.0,0.0,0.0,0.0,0.0,0.0,0.0,0.0,0.0,0.0,0.0
-2.401714,-0.065303,0.367206,0.133305,-0.135535,0.717181,0.670456,40.05174,0.21039,0.055848,-0.898203,0.381901,0.022222,-0.021111,0.036667,0.09,-0.18,-0.17,50911.234,50903.234,51066.766,51045.766,557.5294,557.1177,559.05884,556.17645,-68.82353,-70.76471,-143.94118,-102.52941,0.0,0.0,0.0,0.0,0.0,0.0,0.0,0.0,0.0,0.0,0.0,0.0,0.0,0.0,0.0,0.0,0.0,0.0,0.0,0.0,0.0,0.0,0.0,0.0,0.0,0.0,0.0
-2.398036,-0.153129,0.330814,0.1342,-0.137679,0.716324,0.670757,40.80126,0.212331,0.05295,-0.897365,0.383204,0.005051,0.022626,-0.019495,-0.303636,-0.162727,0.071818,51327.07,51316.0,51481.93,51463.93,554.7143,550.9286,551.2143,561.1429,-89.14286,-73.28571,-139.71428,-113.07143,0.0,0.0,0.0,0.0,0.0,0.0,0.0,0.0,0.0,0.0,0.0,0.0,0.0,0.0,0.0,0.0,0.0,0.0,0.0,0.0,0.0,0.0,0.0,0.0,0.0,0.0,0.0
-2.398361,-0.154151,0.330261,0.13367,-0.138345,0.716193,0.670865,40.808315,0.212531,0.053094,-0.897352,0.383104,0.005455,0.020303,-0.02101,-0.332727,-0.194545,0.086364,51331.145,51320.0,51485.855,51467.855,554.4286,549.8571,550.4286,559.2857,-89.28571,-73.57143,-139.42857,-113.14286,0.0,0.0,0.0,0.0,0.0,0.0,0.0,0.0,0.0,0.0,0.0,0.0,0.0,0.0,0.0,0.0,0.0,0.0,0.0,0.0,0.0,0.0,0.0,0.0,0.0,0.0,0.0
-2.398417,-0.155029,0.32976,0.132898,-0.138396,0.716249,0.670949,40.817734,0.21273,0.053238,-0.89734,0.383003,0.005859,0.01798,-0.022525,-0.361818,-0.226364,0.100909,51335.215,51324.0,51489.785,51471.785,554.1429,548.7857,549.6429,557.4286,-89.42857,-73.85714,-139.14285,-113.21429,0.0,0.0,0.0,0.0,0.0,0.0,0.0,0.0,0.0,0.0,0.0,0.0,0.0,0.0,0.0,0.0,0.0,0.0,0.0,0.0,0.0,0.0,0.0,0.0,0.0,0.0,0.0
-2.398332,-0.155836,0.329467,0.133671,-0.13801,0.716348,0.670769,40.825794,0.21293,0.053382,-0.897327,0.382903,0.006263,0.015657,-0.02404,-0.390909,-0.258182,0.115455,51339.285,51328.0,51493.715,51475.715,553.8571,547.7143,548.8571,555.5714,-89.57143,-74.14286,-138.85715,-113.28571,0.0,0.0,0.0,0.0,0.0,0.0,0.0,0.0,0.0,0.0,0.0,0.0,0.0,0.0,0.0,0.0,0.0,0.0,0.0,0.0,0.0,0.0,0.0,0.0,0.0,0.0,0.0
-2.398267,-0.156157,0.329334,0.133794,-0.138029,0.71627,0.670823,40.83334,0.213129,0.053526,-0.897315,0.382802,0.006667,0.013333,-0.025556,-0.42,-0.29,0.13,51343.355,51332.0,51497.645,51479.645,553.5714,546.6429,548.0714,553.7143,-89.71429,-74.42857,-138.57143,-113.35714,0.0,0.0,0.0,0.0,0.0,0.0,0.0,0.0,0.0,0.0,0.0,0.0,0.0,0.0,0.0,0.0,0.0,0.0,0.0,0.0,0.0,0.0,0.0,0.0,0.0,0.0,0.0
-2.398202,-0.156478,0.329201,0.133917,-0.138049,0.716193,0.670878,40.837097,0.21317,0.053547,-0.897356,0.38268,0.006815,0.010519,-0.025185,-0.398667,-0.264667,0.122667,51347.43,51336.0,51501.57,51483.57,553.2857,545.5714,547.2857,551.8571,-89.85714,-74.71429,-138.28572,-113.42857,0.0,0.0,0.0,0.0,0.0,0.0,0.0,0.0,0.0,0.0,0.0,0.0,0.0,0.0,0.0,0.0,0.0,0.0,0.0,0.0,0.0,0.0,0.0,0.0,0.0,0.0,0.0
-2.398147,-0.157556,0.329025,0.135371,-0.137283,0.716139,0.670801,40.8445,0.213211,0.053567,-0.897397,0.382558,0.006963,0.007704,-0.024815,-0.377333,-0.239333,0.115333,51351.5,51340.0,51505.5,51487.5,553.0,544.5,546.5,550.0,-90.0,-75.0,-138.0,-113.5,0.0,0.0,0.0,0.0,0.0,0.0,0.0,0.0,0.0,0.0,0.0,0.0,0.0,0.0,0.0,0.0,0.0,0.0,0.0,0.0,0.0,0.0,0.0,0.0,0.0,0.0,0.0
-2.398039,-0.158296,0.328797,0.134666,-0.138176,0.715655,0.671275,40.853245,0.213251,0.053587,-0.897438,0.382436,0.007111,0.004889,-0.024444,-0.356,-0.214,0.108,51355.57,51344.0,51509.43,51491.43,552.7143,543.4286,545.7143,548.1429,-90.14286,-75.28571,-137.71428,-113.57143,0.0,0.0,0.0,0.0,0.0,0.0,0.0,0.0,0.0,0.0,0.0,0.0,0.0,0.0,0.0,0.0,0.0,0.0,0.0,0.0,0.0,0.0,0.0,0.0,0.0,0.0,0.0
-2.398235,-0.158839,0.328481,0.134393,-0.139291,0.715333,0.671443,40.860626,0.213292,0.053608,-0.897478,0.382314,0.007259,0.002074,-0.024074,-0.334667,-0.188667,0.100667,51359.645,51348.0,51513.355,51495.355,552.4286,542.3571,544.9286,546.2857,-90.28571,-75.57143,-137.42857,-113.64286,0.0,0.0,0.0,0.0,0.0,0.0,0.0,0.0,0.0,0.0,0.0,0.0,0.0,0.0,0.0,0.0,0.0,0.0,0.0,0.0,0.0,0.0,0.0,0.0,0.0,0.0,0.0
-2.39824,-0.159899,0.328089,0.13419,-0.137745,0.715869,0.671231,40.87058,0.213333,0.053628,-0.897519,0.382192,0.007407,-0.000741,-0.023704,-0.313333,-0.163333,0.093333,51363.715,51352.0,51517.285,51499.285,552.1429,541.2857,544.1429,544.4286,-90.42857,-75.85714,-137.14285,-113.71429,0.0,0.0,0.0,0.0,0.0,0.0,0.0,0.0,0.0,0.0,0.0,0.0,0.0,0.0,0.0,0.0,0.0,0.0,0.0,0.0,0.0,0.0,0.0,0.0,0.0,0.0,0.0
